links,names,ratings,price for one,cuisine,images,address,timing,contact
https://www.zomato.com/visakhapatnam/abs-absolute-barbecues-dwaraka-nagar-vizag/info,AB's - Absolute Barbecues,4.4,"₹1,650 for two","North Indian, BBQ, Biryani",https://b.zmtcdn.com/data/pictures/chains/0/18837140/cddf8893dc7c751506af12007b3314c2_featured_v2.jpg?output-format=webp,"Dwaraka Nagar, Vizag",Opens in 28 minutes,+917337383764
https://www.zomato.com/visakhapatnam/brew-n-bistro-lawsons-bay-vizag/info,Brew 'n' Bistro,4.0,₹800 for two,"Cafe, Continental, Coffee, Italian, Desserts, Beverages",https://b.zmtcdn.com/data/pictures/4/18512384/b32ceef735b90d8218e17f28eb1636e6_featured_v2.jpg?output-format=webp,"Lawsons Bay, Vizag",,+919440373839
https://www.zomato.com/visakhapatnam/the-square-hotel-novotel-maharani-peta-vizag/info,The Square - Hotel Novotel,4.0,"₹3,000 for two","Continental, North Indian",https://b.zmtcdn.com/data/pictures/2/2800052/572cb90f452612793948d2fd042f5789_featured_v2.jpg?output-format=webp,"Maharani Peta, Vizag",,+917799884036
https://www.zomato.com/visakhapatnam/the-eatery-four-points-by-sheraton-waltair-uplands/info,The Eatery - Four Points By Sheraton,4.1,"₹2,500 for two","North Indian, Chinese, Mexican, Continental, Biryani, Fast Food, Desserts, Beverages",https://b.zmtcdn.com/data/pictures/9/2800059/f6187ea0be79d73bf3e59afcba29f5c8_featured_v2.jpg?output-format=webp,"Waltair Uplands, Vizag",Opens at 7pm,+918106829333
https://www.zomato.com/visakhapatnam/the-shack-the-park-lawsons-bay-vizag/info,The Shack - The Park,4.0,"₹1,800 for two","Moroccan, Oriental, Desserts",https://b.zmtcdn.com/data/pictures/4/2800044/28d73f8de29aab9729abd88df4de2932_featured_v2.jpg?output-format=webp,"Lawsons Bay, Vizag",,+918916825678
https://www.zomato.com/visakhapatnam/kai-welcomhotel-grand-bay-maharani-peta-vizag/info,KAI - WelcomHotel Grand Bay,4.5,"₹3,500 for two","Asian, Thai, Japanese, Seafood, Sushi, Chinese, Desserts, Beverages",https://b.zmtcdn.com/data/pictures/2/21299042/0cea84dfe762cff5df7472c44ba54894_featured_v2.jpg?output-format=webp,"Maharani Peta, Vizag",Opens at 7pm,+916309716262
https://www.zomato.com/visakhapatnam/myz-uno-brew-pub-siripuram-vizag/info,Myz-Uno Brew Pub,4.9,"₹2,300 for two","North Indian, South Indian, Andhra, Continental",https://b.zmtcdn.com/data/pictures/0/2801370/8fa63754fea9ee72d2708d723d6616dc_featured_v2.jpg?output-format=webp,"Siripuram, Vizag",,+919991725555
https://www.zomato.com/visakhapatnam/vista-the-park-chinna-waltair-vizag/info,Vista - The Park,4.2,"₹2,000 for two","American, North Indian, Thai, Continental, Desserts",https://b.zmtcdn.com/data/pictures/2/2800042/47696af6722d9a45b7f61dde09fab968_featured_v2.jpg?output-format=webp,"Chinna Waltair, Vizag",,+918916825678
https://www.zomato.com/visakhapatnam/makkhan-masala-pure-veg-dwaraka-nagar-vizag/info,Makkhan Masala Pure Veg,4.5,"₹1,000 for two","North Indian, South Indian, Biryani, Chinese, Tea",https://b.zmtcdn.com/data/pictures/1/21374601/8f3769e7430279be6c03e7db9d5ce66d_featured_v2.jpg?output-format=webp,"Dwaraka Nagar, Vizag",,+919000810055
https://www.zomato.com/visakhapatnam/the-spicy-venue-siripuram-vizag/info,The Spicy Venue,4.3,₹500 for two,"Biryani, North Indian",https://b.zmtcdn.com/data/pictures/0/2801690/637c1007a4b797c5218e45e6d319fb92_featured_v2.jpg,"Siripuram, Vizag",Closes in 58 minutes,+918912565555
https://www.zomato.com/visakhapatnam/latte-cafe-and-kitchen-mvp-colony-vizag/info,Latte Cafe And Kitchen,3.9,"₹1,500 for two","Andhra, North Indian, Middle Eastern, Pizza",https://b.zmtcdn.com/data/pictures/8/21516198/954b91bd21ae85272042bac4e8bc7228_featured_v2.jpg,"MVP Colony, Vizag",,+917286897777
https://www.zomato.com/visakhapatnam/barbeque-nation-siripuram-vizag/info,Barbeque Nation,4.3,"₹1,600 for two","North Indian, BBQ, Biryani, Kebab, Continental, Chinese, Beverages, Desserts",https://b.zmtcdn.com/data/pictures/5/20440935/d27d608c67c98a26b7c46ebe0509c515_featured_v2.jpg,"Siripuram, Vizag",Opens in 28 minutes,+919154295057
https://www.zomato.com/visakhapatnam/misaki-by-daspalla-executive-court-ram-nagar-vizag/info,Misaki by Daspalla Executive Court,4.0,"₹1,550 for two","South Indian, North Indian, Chinese, Biryani, Seafood, Desserts, Beverages",https://b.zmtcdn.com/data/pictures/6/2800066/f2a6d5f0bf115e7860a1a43a8966e534_featured_v2.jpg,"Ram Nagar, Vizag",Opens at 7pm,+919866319735
https://www.zomato.com/visakhapatnam/ironhill-brewery-2-siripuram-vizag/info,Ironhill Brewery,4.3,"₹1,400 for two","North Indian, Asian, Italian, South Indian, Fast Food, Salad, Desserts",https://b.zmtcdn.com/data/pictures/3/2801323/0107736fe144d7dd47a6ed9df9c47b28_featured_v2.jpg,"Siripuram, Vizag",,+918977767676
https://www.zomato.com/visakhapatnam/moon-bar-kitchen-dwaraka-nagar-vizag/info,Moon Bar & Kitchen,4.5,"₹2,000 for two","Bar Food, Continental, South Indian, Italian, Pizza, Seafood, Fast Food",https://b.zmtcdn.com/data/pictures/1/21516951/c99f9c3d55a91f72998f543117dd5adf_featured_v2.jpg,"Dwaraka Nagar, Vizag",,+919587192999
https://www.zomato.com/visakhapatnam/mekong-hotel-greenpark-waltair-uplands-vizag/info,Mekong - Hotel GreenPark,4.6,"₹2,500 for two","Asian, Thai, Oriental, Chinese, Japanese, Desserts",https://b.zmtcdn.com/data/pictures/3/2800903/84bb43d538698bee50e33b6a99e66927_featured_v2.jpg,"Waltair Uplands, Vizag",Opens at 7pm,+918916615151
https://www.zomato.com/visakhapatnam/amritsar-haveli-ram-nagar-vizag/info,Amritsar Haveli,3.5,"₹1,200 for two","North Indian, Chinese, Desserts, Beverages",https://b.zmtcdn.com/data/pictures/3/20587823/4afd72e47fa5262bfcc11154c26440bf_featured_v2.jpg,"Ram Nagar, Vizag",Opens at 7pm,+919908210045
https://www.zomato.com/visakhapatnam/red-bowl-maharani-peta-vizag/info,Red Bowl,4.3,"₹3,500 for two",Asian,https://b.zmtcdn.com/data/pictures/1/21229471/72e6f3b2df3b3b76a210927a089ab736_featured_v2.jpg,"Maharani Peta, Vizag",Opens at 7pm,+917799888068
https://www.zomato.com/visakhapatnam/midway-restaurant-by-elegant-hotel-ram-nagar-vizag/info,Midway  Restaurant by Elegant Hotel,3.1,₹600 for two,"North Indian, South Indian, Chinese, Mughlai, Kebab, Biryani, Desserts, Beverages",https://b.zmtcdn.com/data/pictures/0/18968500/af017ac89e28e157cf2de241246e1fe2_featured_v2.jpg,"Ram Nagar, Vizag",,+917337331907
https://www.zomato.com/visakhapatnam/subbayya-gari-hotel-dondaparithy-vizag/info,Subbayya Gari Hotel,4.1,₹600 for two,Andhra,https://b.zmtcdn.com/data/pictures/9/19346949/12e2e76c483ce960d9096c51e945242b_featured_v2.jpg,"Dondaparithy, Vizag",,+919100416678
https://www.zomato.com/visakhapatnam/cosmic-house-siripuram-vizag/info,Cosmic House,3.9,"₹1,000 for two","Biryani, Continental, North Indian, Beverages",https://b.zmtcdn.com/data/pictures/6/20704916/f3c4537b5cd0c204b04d2b242da959dd_featured_v2.jpg,"Siripuram, Vizag",,+919440223519
https://www.zomato.com/visakhapatnam/zaffran-hotel-novotel-maharani-peta-vizag/info,Zaffran - Hotel Novotel,4.5,"₹3,000 for two","North Indian, Mughlai, Biryani, Desserts, Beverages",https://b.zmtcdn.com/data/pictures/1/2800051/75a468a7d9e94ae3f1ebfdb663a8ca6b_featured_v2.jpg,"Maharani Peta, Vizag",Opens at 7pm,+917799888068
https://www.zomato.com/visakhapatnam/pizza-hut-maddilapalem-vizag/info,Pizza Hut,4.3,₹600 for two,"Pizza, Fast Food, Desserts, Beverages",https://b.zmtcdn.com/data/pictures/chains/2/2800012/0279cb06f7b0151a1da07ea593ba7fec_featured_v2.jpg,"Maddilapalem, Vizag",,18002022022
https://www.zomato.com/visakhapatnam/r-g-hotel-greenpark-waltair-uplands-vizag/info,R&G - Hotel GreenPark,4.5,₹500 for two,"North Indian, Chinese, Continental, South Indian, Japanese, Kebab, Desserts",https://b.zmtcdn.com/data/pictures/6/2800046/52dbc0e4f0abc945cdcff0920c2d07e0_featured_v2.jpg,"Waltair Uplands, Vizag",Opens at 7:30pm,+918916615151
https://www.zomato.com/visakhapatnam/chinese-wok-allipuram-vizag/info,Chinese Wok,3.9,₹200 for two,Chinese,https://b.zmtcdn.com/data/pictures/0/21660350/bcc25f9276af3b250b331140a7a58921_o2_featured_v2.jpg,"Allipuram, Vizag",,+919248307700
https://www.zomato.com/visakhapatnam/sams-griddle-1-siripuram-vizag/info,Sam's Griddle,3.9,"₹1,000 for two","North Indian, Mexican, Italian, Continental, Asian, Biryani",https://b.zmtcdn.com/data/pictures/0/18740940/40e053d71919e9a60342d121ed4fcb18_featured_v2.jpg,"Siripuram, Vizag",Opens at 7pm,+918916637444
https://www.zomato.com/visakhapatnam/fresh-choice-patisserie-bakery-café-siripuram-vizag/info,"Fresh Choice- Patisserie, Bakery & Café",4.5,₹300 for two,"Bakery, Pizza, Sandwich, Fast Food",https://b.zmtcdn.com/data/pictures/4/2801034/a966d6949f37806fd0fae29615107fe0_featured_v2.jpg,"Siripuram, Vizag",,+919100054869
https://www.zomato.com/welcomhotelgrandbay/info,Dakshin - WelcomHotel Grand Bay,4.2,"₹1,800 for two",South Indian,https://b.zmtcdn.com/data/pictures/9/2800259/d06c0ae9ae0de5cbf4cdd0421b8473fa_featured_v2.jpg,"Maharani Peta, Vizag",Opens at 7pm,+918916600101
https://www.zomato.com/visakhapatnam/bigguys-wings-more-maddilapalem-vizag/info,Bigguys Wings & More,4.0,₹400 for two,"Grilled Chicken, Burger, Biryani, Fast Food",https://b.zmtcdn.com/data/pictures/7/21411347/bf876e316f93eb8ccb9b88585d22185b_o2_featured_v2.jpg,"Maddilapalem, Vizag",,+919347238013
https://www.zomato.com/visakhapatnam/zamindari-royal-south-cuisine-maharani-peta-vizag/info,Zamindari - Royal South Cuisine,3.5,"₹1,000 for two",South Indian,https://b.zmtcdn.com/data/pictures/9/20671779/7a115aab31db3a8ff39a7e5c5d1b3ad4_featured_v2.jpg,"Maharani Peta, Vizag",Opens at 7pm,+919951522111
https://www.zomato.com/visakhapatnam/starbucks-coffee-dwaraka-nagar-vizag/info,Starbucks Coffee,3.9,₹900 for two,"Cafe, Coffee, Desserts, Beverages",https://b.zmtcdn.com/data/pictures/5/20762895/f2aff8fc54f0e7d81cf54f86e661235e_featured_v2.jpg,"Dwaraka Nagar, Vizag",,18602660010
https://www.zomato.com/visakhapatnam/zeeshan-restaurant-apna-hyderabadi-food-jagadamba-junction-vizag/info,Zeeshan Restaurant - Apna Hyderabadi Food,4.2,₹900 for two,"Biryani, North Indian, Mughlai, Chinese, Kebab, Juices, Shake, Beverages",https://b.zmtcdn.com/data/pictures/chains/3/2800993/08ddcbfacfb3d5c7513e04680c6e732e_featured_v2.jpg,"Jagadamba Junction, Vizag",,+917095463726
https://www.zomato.com/visakhapatnam/maaya-maddilapalem-vizag/info,Maaya,New,"₹1,000 for two","South Indian, Biryani, Chinese, Kebab, Desserts, Beverages",https://b.zmtcdn.com/data/pictures/6/21751156/e247c20f633fd79a839583f605db0794_featured_v2.jpg,"Maddilapalem, Vizag",Opens in 28 minutes,+918007740803
https://www.zomato.com/visakhapatnam/flying-spaghetti-monster-waltair-uplands-vizag/info,Flying Spaghetti Monster,4.5,"₹1,400 for two","Italian, Mexican, Desserts, Beverages",https://b.zmtcdn.com/data/pictures/9/2800019/f535f0b8811431a2de5c02b45623e3da_featured_v2.jpg,"Waltair Uplands, Vizag",,+918912766652
https://www.zomato.com/visakhapatnam/harbour-vue-hotel-novotel-maharani-peta-vizag/info,Harbour Vue - Hotel Novotel,4.2,"₹2,400 for two","Bar Food, North Indian, Seafood, Beverages",https://b.zmtcdn.com/data/pictures/6/2800796/72002d4d2e642babffce7cac2f1a3eb6_featured_v2.jpg,"Maharani Peta, Vizag",,+917799884043
https://www.zomato.com/visakhapatnam/royal-spice-gadiraju-palace-mvp-colony-vizag/info,Royal Spice - Gadiraju Palace,4.3,"₹1,200 for two","North Indian, Mughlai, Chinese, Biryani, Sandwich, Fast Food",https://b.zmtcdn.com/data/pictures/6/20144706/e2dbdc3d51def808a264960352f5ba6e_featured_v2.jpg,"MVP Colony, Vizag",Opens at 7pm,+917799933799
https://www.zomato.com/visakhapatnam/kamat-restaurant-lawsons-bay-vizag/info,Kamat Restaurant,4.0,₹800 for two,"Andhra, North Indian, Chinese, Biryani, Seafood, Beverages, Desserts",https://b.zmtcdn.com/data/pictures/chains/6/2800096/2d6be884172e059e518020b7cd54d97c_featured_v2.jpg,"Lawsons Bay, Vizag",,+916305510743
https://www.zomato.com/visakhapatnam/horizon-dolphin-hotel-allipuram-vizag/info,Horizon - Dolphin Hotel,3.9,"₹3,500 for two","North Indian, Chinese, Italian, Biryani, Mughlai, Seafood, Beverages, Desserts",https://b.zmtcdn.com/data/pictures/3/19903263/93626cd9275c0ea74e897e3c3b7e8b65_featured_v2.jpg,"Allipuram, Vizag",Opens at 7pm,+919347693116
https://www.zomato.com/visakhapatnam/woodhouse-dolphin-hotel-jagadamba-junction-vizag/info,Woodhouse - Dolphin Hotel,4.2,"₹1,400 for two","Chinese, North Indian, Biryani",https://b.zmtcdn.com/data/pictures/1/19418051/36253878e3c44e126c5ef0f9f4cad818_featured_v2.jpg,"Jagadamba Junction, Vizag",Opens at 7pm,+919347693116
https://www.zomato.com/visakhapatnam/aqua-the-park-lawsons-bay/info,Aqua - The Park,4.3,"₹1,500 for two",Italian,https://b.zmtcdn.com/data/pictures/1/2800041/68a056f432f4d3bf58f854b852c225d8_featured_v2.jpg,"Lawsons Bay, Vizag",,+918916825678
https://www.zomato.com/visakhapatnam/masalah-mafia-palm-beach-hotel-kirlampudi-layout-vizag/info,Masalah Mafia - Palm Beach Hotel,4.0,"₹1,500 for two","Chinese, North Indian, Continental",https://b.zmtcdn.com/data/pictures/7/2800177/ece09f95b917c2770a7f479feda3b19b_featured_v2.jpg,"Kirlampudi Layout, Vizag",Opens at 7:30pm,+918912754027
https://www.zomato.com/visakhapatnam/cascades-dolphin-hotel-jagadamba-junction-vizag/info,Cascades - Dolphin Hotel,3.6,"₹1,000 for two","North Indian, Continental, Chinese, South Indian, Andhra, Kebab, Biryani, Desserts",https://b.zmtcdn.com/data/pictures/9/2800079/e00468b1ffe3e39ca271f00d37a5c782_featured_v2.jpg,"Jagadamba Junction, Vizag",Opens at 7pm,+918916666677
https://www.zomato.com/visakhapatnam/v-hotel-olive-dwaraka-nagar-vizag/info,V Hotel Olive,4.3,"₹1,300 for two","South Indian, North Indian, Chinese, Thai, Seafood, Biryani, Desserts, Beverages",https://b.zmtcdn.com/data/pictures/chains/7/18377597/d22156fcfcbbbd9be2015d1a7dcc5ad0_featured_v2.jpg,"Dwaraka Nagar, Vizag",Opens at 7pm,+917337331110
https://www.zomato.com/visakhapatnam/burger-king-maddilapalem-vizag/info,Burger King,4.0,₹350 for two,"Burger, Fast Food",https://b.zmtcdn.com/data/pictures/chains/2/19082182/ca95a5e2f62783c97ce051fae26d7870_featured_v2.jpg,"Maddilapalem, Vizag",,+918790694322
https://www.zomato.com/visakhapatnam/the-secret-garden-akkayyapalem-vizag/info,The Secret Garden,3.3,"₹1,600 for two","South Indian, North Indian, Beverages",https://b.zmtcdn.com/data/pictures/5/21669075/3d9470cdb6a9082047060d7f7d974f06_featured_v2.jpg,"Akkayyapalem, Vizag",,+919000299939
https://www.zomato.com/visakhapatnam/upland-bistro-waltair-uplands-vizag/info,Upland Bistro,4.5,"₹1,200 for two","Continental, Mediterranean, Mexican, Italian, French, Desserts, Beverages, Pizza",https://b.zmtcdn.com/data/pictures/2/18433622/c9d1be169e9def4cc97d889d346eb380_featured_v2.jpg,"Waltair Uplands, Vizag",,+918088261886
https://www.zomato.com/visakhapatnam/qubaa-east-point-colony-vizag/info,Qubaa,3.9,₹600 for two,"Bar Food, Biryani, Fast Food, Chinese, Beverages",https://b.zmtcdn.com/data/pictures/5/20866495/030be2cd693ef9d6ed00c1a8abbb3d76_featured_v2.jpg,"East Point Colony, Vizag",Closes in 43 minutes,+918469569669
https://www.zomato.com/visakhapatnam/sugarr-hotel-novotel-maharani-peta-vizag/info,Sugarr - Hotel Novotel,4.0,"₹1,000 for two","Cafe, Coffee, Panini, Fast Food, Desserts, Tea, Beverages",https://b.zmtcdn.com/data/pictures/5/2800815/ce862f127b59f9f7b7620583e6c17fd2_featured_v2.jpg,"Maharani Peta, Vizag",,+918912822222
https://www.zomato.com/visakhapatnam/the-chocolate-room-cafe-and-bistro-venkojipalem-vizag/info,The Chocolate Room Cafe And Bistro,3.9,for two,,https://b.zmtcdn.com/data/pictures/3/21625153/dccb2287dde9158880e3a63cea161fcc_featured_v2.jpg,"Venkojipalem, Vizag",,Not available for this place
https://www.zomato.com/visakhapatnam/masaledaar-desi-rasoi-dwaraka-nagar-vizag/info,Masaledaar Desi Rasoi,3.8,₹400 for two,"North Indian, Chinese, Sichuan, Fast Food, Desserts, Beverages",https://b.zmtcdn.com/data/pictures/6/19415906/18163a18c44466d8edbf07355477453e_featured_v2.jpg,"Dwaraka Nagar, Vizag",Opens at 6:45pm,+916303808508
https://www.zomato.com/visakhapatnam/da-spot-maddilapalem-vizag/info,Da Spot,New,"₹1,200 for two","North Indian, Chinese, Thai, Seafood, Pizza, Pasta, Fast Food, Desserts",https://b.zmtcdn.com/data/pictures/3/21624913/442035a23ba11ecfa50ca3bdb399faee_featured_v2.jpg,"Maddilapalem, Vizag",,+918007740803
https://www.zomato.com/visakhapatnam/kaloreez-siripuram-vizag/info,Kaloreez,3.8,₹650 for two,"Cafe, North Indian, Chinese, Biryani, South Indian, Healthy Food",https://b.zmtcdn.com/data/pictures/8/2800418/270704988aa52344ca1e00ec6ac204a5_featured_v2.jpg,"Siripuram, Vizag",,+919502999799
https://www.zomato.com/visakhapatnam/s-kotas-muntaj-shaan-akkayyapalem-vizag/info,S Kota's Muntaj Shaan,3.9,"₹1,000 for two","North Indian, Chinese, Biryani, Pasta",https://b.zmtcdn.com/data/pictures/6/21501816/5451c895f723ebe8b847f9c0309f1591_featured_v2.jpg,"Akkayyapalem, Vizag",,+919882030703
https://www.zomato.com/visakhapatnam/panorama-ambica-sea-green-kirlampudi-layout-vizag/info,Panorama - Ambica Sea Green,4.0,"₹1,200 for two","Continental, South Indian, North Indian, Chinese, Biryani, Salad, Desserts, Beverages",https://b.zmtcdn.com/data/pictures/8/2800008/c7b5ee71207bfe21a43232295d174ca4_featured_v2.jpg,"Kirlampudi Layout, Vizag",Opens in 28 minutes,+918912821818
https://www.zomato.com/visakhapatnam/alpha-hotel-since-1948-jagadamba-junction-vizag/info,Alpha Hotel -Since 1948,4.0,₹500 for two,"Biryani, Seafood, North Indian, Chinese",https://b.zmtcdn.com/data/pictures/5/2800095/ef97be36b81f5a0315957f0c30a070bf_featured_v2.jpg,"Jagadamba Junction, Vizag",,+918912797533
https://www.zomato.com/visakhapatnam/tulips-hotel-green-park-ram-nagar-vizag/info,Tulips - Hotel Green Park,4.2,"₹2,500 for two","North Indian, Chinese, South Indian, Continental",https://b.zmtcdn.com/data/pictures/5/2800045/b60520476a525f33f283fee2e76592f4_featured_v2.jpg,"Ram Nagar, Vizag",Opens at 7pm,+918916615151
https://www.zomato.com/visakhapatnam/platform-65-waltair-uplands-vizag/info,Platform 65,3.9,"₹1,700 for two","South Indian, North Indian, Chinese, Biryani, Sichuan, Desserts, Beverages",https://b.zmtcdn.com/data/pictures/3/20099543/cf98f851810b772b1e64243e158b17e9_featured_v2.jpg,"Waltair Uplands, Vizag",Opens at 7pm,+918500186299
https://www.zomato.com/visakhapatnam/best-western-plus-tejvivaan-dondaparithy-vizag/info,Best Western Plus Tejvivaan,4.2,₹800 for two,"North Indian, Andhra, Continental, Oriental, Biryani, Desserts",https://b.zmtcdn.com/data/pictures/0/19457700/f4d96b73caaea00f7d7cb2343f2173db_featured_v2.jpg,"Dondaparithy, Vizag",,+919866820099
https://www.zomato.com/visakhapatnam/sri-sairam-parlour-dwaraka-nagar-vizag/info,Sri Sairam Parlour,4.3,₹500 for two,"Andhra, South Indian, Chinese, North Indian",https://b.zmtcdn.com/data/pictures/chains/4/2800294/7de9ba6d45fd03cc3b611a1e3175ae9a_featured_v2.jpg,"Dwaraka Nagar, Vizag",,+918106798484
https://www.zomato.com/visakhapatnam/dharani-jagadamba-junction-vizag/info,Dharani,4.2,₹800 for two,"North Indian, South Indian, Chinese, Desserts, Ice Cream, Beverages",https://b.zmtcdn.com/data/pictures/7/2800067/aff87c5351ea01722c399ea5dbebef20_featured_v2.jpg,"Jagadamba Junction, Vizag",,+917674982777
https://www.zomato.com/visakhapatnam/tap-the-sports-bar-1-maharani-peta-vizag/info,Tap The Sports Bar,3.9,"₹3,000 for two","North Indian, Chinese, Kebab, Beverages",https://b.zmtcdn.com/data/pictures/6/20040286/81ed1c2e3fd8e276c0fb2b56dffbcccc_featured_v2.jpg,"Maharani Peta, Vizag",,+918886267774
https://www.zomato.com/visakhapatnam/house-of-punjab-vishalaksmi-nagar-vizag/info,House Of Punjab,3.9,₹550 for two,"North Indian, Biryani, Seafood, Mughlai, Chinese, Sichuan",https://b.zmtcdn.com/data/pictures/1/21392931/a3ebfb3402a11ff421552cfef29b0a72_o2_featured_v2.jpg,"Vishalaksmi Nagar, Vizag",,+919697946789
https://www.zomato.com/visakhapatnam/house-of-punjab-1-mvp-colony-vizag/info,House Of Punjab,3.7,"₹1,500 for two","North Indian, Chinese, Biryani, Fast Food, Continental, Seafood, Desserts",https://b.zmtcdn.com/data/pictures/8/21164158/cc7213116d5458e5086b92c5185f5736_featured_v2.jpg,"MVP Colony, Vizag",Opens in 27 minutes,+918886222304
https://www.zomato.com/visakhapatnam/gluttons-garage-kirlampudi-layout-vizag/info,Gluttons Garage,3.7,"₹1,000 for two","Continental, Chinese, Healthy Food, Salad, Pizza, Pasta, Fast Food, Desserts",https://b.zmtcdn.com/data/pictures/3/2801153/b80278f3772c56ed1f90e14095ecf195_featured_v2.jpg,"Kirlampudi Layout, Vizag",,+918912564688
https://www.zomato.com/visakhapatnam/celebrations-restaurant-akkayyapalem-vizag/info,Celebrations Restaurant,3.9,₹700 for two,"Continental, Chinese, South Indian, Biryani, Andhra, North Indian, Kebab, Ice Cream",https://b.zmtcdn.com/data/pictures/7/19880257/42c663e43ce9c9ce832ba98afc9d562f_featured_v2.jpg,"Akkayyapalem, Vizag",Opens in 12 minutes,+916304781922
https://www.zomato.com/visakhapatnam/house-of-spice-mvp-colony-vizag/info,House Of Spice,3.9,₹500 for two,"South Indian, Biryani",https://b.zmtcdn.com/data/pictures/4/21087494/ba10af7cd15d23da01343071eb59d214_featured_v2.jpg,"MVP Colony, Vizag",Opens at 7:15pm,+919356793456
https://www.zomato.com/visakhapatnam/beach-house-vishalaksmi-nagar-vizag/info,Beach House,3.9,"₹1,000 for two","South Indian, Fast Food, Chinese, Bar Food",https://b.zmtcdn.com/data/pictures/0/20562990/ebd2e9e663ecfb401c562eba4e8d33b2_featured_v2.jpg,"Vishalaksmi Nagar, Vizag",,+919111954445
https://www.zomato.com/visakhapatnam/s-kotas-hotel-muntaj-venkojipalem-vizag/info,S Kota's Hotel Muntaj,3.4,₹500 for two,"North Indian, Chinese, Biryani",https://b.zmtcdn.com/data/pictures/6/19928936/5150dc61802d0fd7c659fa0a6783d7ba_featured_v2.jpg,"Venkojipalem, Vizag",,+916303671467
https://www.zomato.com/visakhapatnam/rasa-hotel-vivana-siripuram-vizag/info,Rasa - Hotel Vivana,4.3,₹700 for two,"Chinese, North Indian, Continental, South Indian, Biryani, Kebab, Desserts",https://b.zmtcdn.com/data/pictures/9/18466809/40af300936ba5d05938a8038d37b3ded_featured_v2.jpg,"Siripuram, Vizag",Opens at 7pm,+917337337200
https://www.zomato.com/visakhapatnam/habibi-cafe-mandi-restaurant-balayya-sastri-layout-vizag/info,Habibi Cafe Mandi Restaurant,3.6,"₹1,200 for two","Mandi, South Indian, Mughlai, Biryani, Seafood, Chinese, Kebab, Desserts",https://b.zmtcdn.com/data/pictures/7/21078727/73f4f227bdb2d4931f6d4b48f0a9486f_featured_v2.jpg,"Balayya Sastri Layout, Vizag",,+918855012012
https://www.zomato.com/visakhapatnam/varuns-eat-maharani-peta-vizag/info,Varun's Eat,3.8,"₹1,000 for two","North Indian, South Indian, Chinese, Kebab, Biryani, Desserts, Shake, Beverages",https://b.zmtcdn.com/data/pictures/9/2800049/5ee2592c2fb10e2a50551b207da16402_featured_v2.jpg,"Maharani Peta, Vizag",,+918912723384
https://www.zomato.com/visakhapatnam/lazeez-pista-haleem-point-allipuram-vizag/info,Lazeez Pista Haleem Point,2.6,₹400 for two,"Biryani, North Indian, Desserts",https://b.zmtcdn.com/data/pictures/8/19362128/bfc9606f946c91228d8b9644fba36be7_featured_v2.jpg,"Allipuram, Vizag",,+919848652554
https://www.zomato.com/visakhapatnam/biryanis-and-more-2-siripuram-vizag/info,Biryanis And More,4.2,₹800 for two,"Biryani, South Indian, Chinese, Andhra, Sichuan",https://b.zmtcdn.com/data/pictures/chains/7/19062497/4a3416212c890cdde2ce87b19a3fa1aa_featured_v2.jpg,"Siripuram, Vizag",,+919551182222
https://www.zomato.com/visakhapatnam/zodiac-fortune-inn-sree-kanya-dwaraka-nagar-vizag/info,Zodiac - Fortune Inn Sree Kanya,3.7,"₹1,300 for two","Continental, North Indian, Chinese, South Indian, Oriental, Biryani, Desserts, Beverages",https://b.zmtcdn.com/data/pictures/7/2800057/7bfe535ceaae0b4082bd54fc775fb910_featured_v2.jpg,"Dwaraka Nagar, Vizag",,+918916688444
https://www.zomato.com/visakhapatnam/dine-destiny-lawsons-bay-vizag/info,Dine Destiny,4.0,₹600 for two,"Biryani, North Indian, Mughlai, Continental, Chinese, Beverages, Seafood, Italian",https://b.zmtcdn.com/data/pictures/1/20039691/85654c95e7d953222df4d53abb58e2b5_featured_v2.jpg,"Lawsons Bay, Vizag",,+919522828289
https://www.zomato.com/visakhapatnam/biryanis-lounge-dwaraka-nagar-vizag/info,Biryanis Lounge,3.9,₹200 for two,Biryani,https://b.zmtcdn.com/data/pictures/4/20717154/88b20fbbe838de25c616f692783c7cd6_featured_v2.jpg,"Dwaraka Nagar, Vizag",,+919000124944
https://www.zomato.com/visakhapatnam/bamboo-bay-the-park-lawsons-bay-vizag/info,Bamboo Bay - The Park,3.9,"₹1,500 for two","North Indian, Mughlai, Andhra, Kerala, South Indian",https://b.zmtcdn.com/data/pictures/3/2800043/7a6c9391ee37c6fbe064e22018df0db3_featured_v2.jpg,"Lawsons Bay, Vizag",Opens at 7pm,+918913045678
https://www.zomato.com/visakhapatnam/sea-deck-kirlampudi-layout-vizag/info,Sea Deck,3.8,"₹1,500 for two","South Indian, Seafood, North Indian, Continental",https://b.zmtcdn.com/data/pictures/9/2800879/746b07ab7b04b79452be11c9d50c1f9c_featured_v2.jpg,"Kirlampudi Layout, Vizag",Opens at 7pm,+916309008983
https://www.zomato.com/visakhapatnam/barkaas-arabic-restaurant-dwaraka-nagar-vizag/info,Barkaas Arabic Restaurant,3.8,"₹1,000 for two","Arabian, North Indian, Biryani, Kebab, Mandi, Desserts, Beverages",https://b.zmtcdn.com/data/pictures/6/19362146/6d6ae3a59d308a809e42217d763bef44_featured_v2.jpg,"Dwaraka Nagar, Vizag",Opens in 27 minutes,+918494945678
https://www.zomato.com/visakhapatnam/dakshin-jagadamba-junction-vizag/info,Dakshin,3.9,₹900 for two,"Andhra, Chinese, Mughlai, Biryani, Desserts, Beverages",https://b.zmtcdn.com/data/pictures/9/2800069/23d50b246375072fddb1e5f591c4df6c_featured_v2.jpg,"Jagadamba Junction, Vizag",Opens at 7pm,+918912563141
https://www.zomato.com/visakhapatnam/red-velvet-1-mvp-colony-vizag/info,Red Velvet,4.2,₹400 for two,"Bakery, Desserts, Pizza, Fast Food, Chinese, Sandwich, Burger, Beverages",https://b.zmtcdn.com/data/pictures/6/2801226/a8136225c98137011979dffb8367ca38_featured_v2.jpg,"MVP Colony, Vizag",,+919809611234
https://www.zomato.com/visakhapatnam/amogham-restaurant-mvp-colony-vizag/info,Amogham Restaurant,4.2,₹500 for two,"North Indian, Chinese, Biryani",https://b.zmtcdn.com/data/pictures/7/19306437/f00ad0da3f93add6d3d90686678252c0_featured_v2.jpg,"MVP Colony, Vizag",,+916302158915
https://www.zomato.com/visakhapatnam/mantris-hotel-asilmetta-vizag/info,Mantris Hotel,4.1,"₹1,200 for two","South Indian, North Indian, Chinese, Continental, Salad, Biryani, Desserts, Beverages",https://b.zmtcdn.com/data/pictures/chains/0/18735940/079c9001cedaeecd86dc6b04c8e8f96c_featured_v2.jpg,"Asilmetta, Vizag",,+918886681933
https://www.zomato.com/visakhapatnam/house-of-dosas-1-kirlampudi-layout-vizag/info,House Of Dosas,3.4,₹300 for two,"South Indian, Street Food, North Indian",https://b.zmtcdn.com/data/pictures/9/19418679/a9983c0d2d525c79a0bd520113739e36_featured_v2.jpg,"Kirlampudi Layout, Vizag",,+917995013135
https://www.zomato.com/visakhapatnam/chutneys-diamond-park-dwaraka-nagar-vizag/info,Chutneys Diamond Park,3.8,₹500 for two,"South Indian, North Indian, Chinese, Biryani, Desserts, Beverages",https://b.zmtcdn.com/data/pictures/6/19602226/ed050265a441168b7220f2799032c9ba_featured_v2.jpg,"Dwaraka Nagar, Vizag",,+917416285569
https://www.zomato.com/visakhapatnam/bombay-restaurant-dabagardens-allipuram-vizag/info,Bombay Restaurant - Dabagardens,4.2,₹800 for two,"North Indian, Mughlai, Kebab, Chinese, Biryani, Seafood",https://b.zmtcdn.com/data/pictures/3/2800543/0a17a4fcfc107a751db0917a68394a6a_featured_v2.jpg,"Allipuram, Vizag",,+919848068696
https://www.zomato.com/visakhapatnam/imperial-spice-mvp-colony-vizag/info,Imperial Spice,3.7,"₹1,200 for two","North Indian, Chinese, Mughlai, Seafood, Biryani",https://b.zmtcdn.com/data/pictures/6/20660946/32cdff39ec0b0dd6622ce72d269d0f5c_featured_v2.jpg,"MVP Colony, Vizag",Opens in 27 minutes,+919114131211
https://www.zomato.com/visakhapatnam/makkhan-masala-the-budhil-park-hotel-dwaraka-nagar-vizag/info,Makkhan Masala - The Budhil Park Hotel,3.6,"₹1,400 for two","Chinese, North Indian, Kebab, Biryani, Salad, Pizza, Desserts, Shake",https://b.zmtcdn.com/data/pictures/8/21379758/b217f1058a39987ff8312d06c5478b1c_o2_featured_v2.jpg,"Dwaraka Nagar, Vizag",,+917788901889
https://www.zomato.com/visakhapatnam/waltair-kitchen-pl-grand-waltair-uplands-vizag/info,Waltair Kitchen - PL Grand,4.2,"₹1,000 for two","North Indian, Chinese, Continental, South Indian, Mughlai, Italian, Desserts, Beverages",https://b.zmtcdn.com/data/pictures/7/18991287/5457aabc12abc44f77f1349049931378_featured_v2.jpg,"Waltair Uplands, Vizag",,+916303800669
https://www.zomato.com/visakhapatnam/taco-bell-dwaraka-nagar-vizag/info,Taco Bell,3.8,₹500 for two,"Fast Food, Mexican",https://b.zmtcdn.com/data/pictures/4/20519324/ad954223bea1a02897734bfd471dcb2b_featured_v2.jpg,"Dwaraka Nagar, Vizag",,+917669715899
https://www.zomato.com/visakhapatnam/ciros-pizzeria-siripuram-vizag/info,Ciro’s Pizzeria,3.3,₹500 for two,"Pizza, Italian, Beverages",https://b.zmtcdn.com/data/pictures/1/20757191/b0e15034b44348158bcbafb0f815e281_featured_v2.jpg,"Siripuram, Vizag",,+917305731777
https://www.zomato.com/visakhapatnam/new-satyam-multicuisine-restaurant-takeaway-dwaraka-nagar-vizag/info,New Satyam Multicuisine Restaurant & Takeaway,4.0,₹800 for two,"North Indian, Biryani, Andhra, Chinese, Mughlai, Sichuan",https://b.zmtcdn.com/data/pictures/4/2800114/08ce9a1e4ca124756215ddf0eab779eb_featured_v2.jpg,"Dwaraka Nagar, Vizag",,+919618944533
https://www.zomato.com/visakhapatnam/cabritoz-maharani-peta-vizag/info,Cabritoz,3.8,"₹1,100 for two","Mandi, Chinese, North Indian",https://b.zmtcdn.com/data/pictures/9/18762919/9f558b74d28d313870da5b2fd763a8a4_featured_v2.jpg,"Maharani Peta, Vizag",Opens in 27 minutes,+919676257779
https://www.zomato.com/visakhapatnam/mandi-croods-chinna-waltair-vizag/info,Mandi Croods,4.0,₹600 for two,"Mandi, Arabian, Desserts",https://b.zmtcdn.com/data/pictures/chains/7/18759157/ba230c7779f5d8d496e82be16830aafb_featured_v2.jpg,"Chinna Waltair, Vizag",Opens in 27 minutes,+919100621316
https://www.zomato.com/visakhapatnam/mr-kitchen-dining-maddilapalem-vizag/info,Mr Kitchen Dining,-,₹500 for two,"North Indian, Biryani, Mughlai, Chinese, Kebab, Seafood, Sichuan",https://b.zmtcdn.com/data/pictures/6/21592586/9cffe06cfa6862a0f11b41849cca1c63_featured_v2.jpg,"Maddilapalem, Vizag",Opens in 27 minutes,+919676143787
https://www.zomato.com/visakhapatnam/foodie-mama-ram-nagar-vizag/info,Foodie Mama,3.6,₹300 for two,"Chinese, Sichuan",https://b.zmtcdn.com/data/pictures/4/19337004/ddaf34bba8cac50251df312bf0bee4df_featured_v2.jpg,"Ram Nagar, Vizag","Temporarily closed for delivery, will be back soon!",+918179890888
https://www.zomato.com/visakhapatnam/godavari-lawsons-bay-vizag/info,Godavari,4.1,₹700 for two,"Andhra, Biryani",https://b.zmtcdn.com/data/pictures/9/2801489/b9c00d7fe61585fb3031f9228f192b9c_featured_v2.jpg,"Lawsons Bay, Vizag",Opens at 7pm,+918912765450
https://www.zomato.com/visakhapatnam/bake-my-wish-lawsons-bay-vizag/info,Bake My Wish,3.8,₹450 for two,"Bakery, Pizza, Pasta, Sandwich, Fast Food, Desserts, Shake, Beverages",https://b.zmtcdn.com/data/pictures/7/2800757/bbe6ddb94431c3253f135985f02bd8e5_featured_v2.jpg,"Lawsons Bay, Vizag",,+919581738528
https://www.zomato.com/visakhapatnam/helapuri-restaurant-diamond-park-dwaraka-nagar-vizag/info,Helapuri Restaurant-Diamond Park,4.1,₹500 for two,"North Indian, Chinese, Biryani, Mughlai, Seafood, Andhra, Desserts, Beverages",https://b.zmtcdn.com/data/pictures/4/2801554/34466932805548e9654d82051b1c637b_featured_v2.jpg,"Dwaraka Nagar, Vizag",,+916305876150
https://www.zomato.com/visakhapatnam/dumont-creamery-chinna-waltair-vizag/info,Dumont Creamery,3.1,₹300 for two,"Ice Cream, Beverages",https://b.zmtcdn.com/data/pictures/4/20021854/306ef36ad38a3bbd38942b18fbcd2fc4_featured_v2.jpg,"Chinna Waltair, Vizag",,+919676911077
https://www.zomato.com/visakhapatnam/plan-b-resto-cafe-seethammadhara-vizag/info,Plan B Resto Cafe,4.2,₹400 for two,"Chinese, Pizza, Sandwich, Burger, Fast Food, Desserts, Shake, Beverages",https://b.zmtcdn.com/data/pictures/7/19299567/c8f7f589a488f6015589537aa1ed8d26_featured_v2.jpg,"Seethammadhara, Vizag",,+919491111247
https://www.zomato.com/visakhapatnam/paradise-biryani-a-legend-since-1953-waltair-uplands-vizag/info,Paradise Biryani - A Legend Since 1953,4.0,₹850 for two,"Biryani, Kebab, North Indian, Rolls, Desserts, Chinese",https://b.zmtcdn.com/data/pictures/chains/1/2800901/3314e560b7ce09a5e2dee2a0020501b8_featured_v2.jpg,"Waltair Uplands, Vizag",,+919110391524
https://www.zomato.com/visakhapatnam/the-delhi-food-court-kirlampudi-layout-vizag/info,The Delhi Food Court,3.2,₹300 for two,"Mithai, Bakery, Street Food, Rolls",https://b.zmtcdn.com/data/pictures/0/19815290/ed212502ebb2d227a31bfb07fcac398d_featured_v2.jpg,"Kirlampudi Layout, Vizag",,+919005112277
https://www.zomato.com/visakhapatnam/santosh-dhaba-1-allipuram-vizag/info,Santosh Dhaba,3.0,₹500 for two,"North Indian, Chinese",https://b.zmtcdn.com/data/pictures/chains/6/18744266/2fb4b338a9ae578dcb379e77d5583a18_featured_v2.jpg,"Allipuram, Vizag","Temporarily closed for delivery, will be back soon!",+919052411777
https://www.zomato.com/visakhapatnam/mcdonalds-7-maddilapalem-vizag/info,McDonald's,4.1,₹500 for two,"Burger, Fast Food, Coffee, Beverages",https://b.zmtcdn.com/data/pictures/9/2801019/eabd8c8818998e6553f30490ce600a33_featured_v2.jpg,"Maddilapalem, Vizag",,+918928304298
https://www.zomato.com/visakhapatnam/zero-the-resto-cafe-lawsons-bay-vizag/info,Zero The Resto Cafe,2.7,₹600 for two,"Pizza, Biryani, Chinese, Pasta, Burger, Mexican, Desserts, Shake",https://b.zmtcdn.com/data/pictures/1/19870651/f03232a3732b1955460f8f7abf9c4245_featured_v2.jpg,"Lawsons Bay, Vizag",,+918179278179
https://www.zomato.com/visakhapatnam/hotel-amaravati-allipuram-vizag/info,Hotel Amaravati,4.0,₹500 for two,"North Indian, South Indian, Mughlai, Seafood, Desserts, Beverages",https://b.zmtcdn.com/data/pictures/3/2800333/799a91d74b758139c3ee1dcfbd7d0d76_featured_v2.jpg,"Allipuram, Vizag",Opens at 7pm,+918913500435
https://www.zomato.com/visakhapatnam/tycoon-multicuisine-restaurant-asilmetta-vizag/info,Tycoon Multicuisine Restaurant,3.9,"₹1,100 for two","North Indian, Chinese, Biryani, Desserts, Ice Cream, Beverages",https://b.zmtcdn.com/data/pictures/5/2800025/262189646db0e697390dc47e8f71fcfd_featured_v2.jpg,"Asilmetta, Vizag",Opens in 27 minutes,+918912540202
https://www.zomato.com/visakhapatnam/zaykaa-haleem-siripuram-vizag/info,Zaykaa Haleem,3.9,₹300 for two,"Biryani, Hyderabadi",https://b.zmtcdn.com/data/pictures/1/2800931/cd890fab50309803f98a690940e98367_featured_v2.jpg,"Siripuram, Vizag",Opens tomorrow at 6pm,+917799838789
https://www.zomato.com/visakhapatnam/kelvin-scale-natural-ice-creams-and-waffle-mvp-colony-vizag/info,Kelvin Scale - Natural Ice Creams And Waffle,4.0,₹400 for two,"Ice Cream, Waffle, Bakery, Shake",https://b.zmtcdn.com/data/pictures/chains/4/19116694/1cd05b9a161cdc92c03843da30b368bb_featured_v2.jpg,"MVP Colony, Vizag",,+916302542239
https://www.zomato.com/visakhapatnam/4-seasons-asilmetta-vizag/info,4 Seasons,4.0,₹550 for two,"Pizza, Chinese, Fast Food, Biryani, Sandwich, Belgian",https://b.zmtcdn.com/data/pictures/0/2800030/1be25779195fa1bc208537bd8a727a4d_featured_v2.jpg,"Asilmetta, Vizag",,+918916620068
https://www.zomato.com/visakhapatnam/mustang-bar-hotel-greenpark-waltair-uplands-vizag/info,Mustang Bar - Hotel GreenPark,4.4,"₹1,500 for two","Finger Food, Continental",https://b.zmtcdn.com/data/pictures/7/2800047/324d52a7b7330a923977a930233a88ec_featured_v2.jpg,"Waltair Uplands, Vizag",,+918916615151
https://www.zomato.com/visakhapatnam/sri-raju-gari-military-hotel-siripuram-vizag/info,Sri Raju Gari Military Hotel,2.9,₹700 for two,"Andhra, Mughlai, Seafood",https://b.zmtcdn.com/data/pictures/8/21116568/9f2390021442f18e62cd849ffb3f30ae_featured_v2.jpg,"Siripuram, Vizag",,+918186003699
https://www.zomato.com/visakhapatnam/dessertino-siripuram-vizag/info,Dessertino,3.9,₹250 for two,"Desserts, Shake",https://b.zmtcdn.com/data/pictures/6/20062876/cd8020fe84d75f245042916c72c76bd0_featured_v2.jpg,"Siripuram, Vizag",,+919666927000
https://www.zomato.com/visakhapatnam/circars-bistro-siripuram-vizag/info,Circars Bistro,3.9,₹700 for two,"Continental, Salad, Burger, European, Fast Food",https://b.zmtcdn.com/data/pictures/9/20487339/91b9c1b611a65af5b862bd68b86c5e55_featured_v2.jpg,"Siripuram, Vizag",,+919885166652
https://www.zomato.com/visakhapatnam/andhra-spice-kitchen-akkayyapalem-vizag/info,Andhra Spice Kitchen,3.9,₹500 for two,"Chinese, South Indian, Biryani",https://b.zmtcdn.com/data/pictures/4/20415274/d4dad4e4fd99baa39ee2c6a52b38bf95_featured_v2.jpg,"Akkayyapalem, Vizag",,+916302971843
https://www.zomato.com/visakhapatnam/maa-nethi-vindu-1-dondaparithy-vizag/info,Maa Nethi Vindu,3.5,"₹1,000 for two","South Indian, Biryani, Chinese, North Indian, Street Food, Juices, Beverages",https://b.zmtcdn.com/data/pictures/5/19227135/ed050265a441168b7220f2799032c9ba_featured_v2.jpg,"Dondaparithy, Vizag",,+919959881111
https://www.zomato.com/visakhapatnam/the-port-hotel-allipuram-vizag/info,The Port Hotel,4.5,₹700 for two,"North Indian, Chinese, Biryani",https://b.zmtcdn.com/data/pictures/8/19075838/100ff5a6eb4b492febea54be30ef1320_featured_v2.jpg,"Allipuram, Vizag",,+917032101234
https://www.zomato.com/visakhapatnam/fusion-foods-multicusine-family-restaurant-siripuram-vizag/info,Fusion Foods Multicusine Family Restaurant,3.3,"₹1,200 for two","Andhra, North Indian, Biryani, Chinese, Kebab, Desserts, Shake, Beverages",https://b.zmtcdn.com/data/pictures/0/20026390/defca8f934f6f71e73df51f2395ff932_featured_v2.jpg,"Siripuram, Vizag",Opens at 6:45pm,+918912533333
https://www.zomato.com/visakhapatnam/my-restaurant-maddilapalem-vizag/info,My Restaurant,4.0,"₹1,000 for two","Andhra, North Indian, Chinese, Seafood",https://b.zmtcdn.com/data/pictures/chains/3/2800083/7e54122d2607a7a08363eaeb68cb926f_featured_v2.jpg,"Maddilapalem, Vizag",Opens at 7pm,+918886533555
https://www.zomato.com/visakhapatnam/bakers-castle-siripuram-vizag/info,Bakers Castle,4.5,₹500 for two,"Bakery, Fast Food, Chinese",https://b.zmtcdn.com/data/pictures/0/2800040/ec794f2bb4cae8ad2f5a559d27329f2a_featured_v2.jpg,"Siripuram, Vizag",,+919000008889
https://www.zomato.com/visakhapatnam/someplace-else-the-park-lawsons-bay-vizag/info,Someplace Else- The Park,3.9,"₹3,000 for two","Bar Food, Continental",https://b.zmtcdn.com/data/pictures/5/20704955/ae5fd8eefe6bc12a66e00c4ac7fb0ee2_featured_v2.jpg,"Lawsons Bay, Vizag",,+918913045678
https://www.zomato.com/visakhapatnam/yasoddha-noodles-point-lawsons-bay-vizag/info,Yasoddha Noodles Point,4.4,₹500 for two,"Chinese, Biryani, North Indian",https://b.zmtcdn.com/data/pictures/6/18742886/349e8ed2c82c5826e735195408bd1fa3_featured_v2.jpg,"Lawsons Bay, Vizag",,+919492865722
https://www.zomato.com/visakhapatnam/hotel-v-pride-allipuram-vizag/info,Hotel V Pride,3.9,"₹1,000 for two","North Indian, South Indian, Chinese, Kebab, Biryani, Ice Cream, Beverages",https://b.zmtcdn.com/data/pictures/3/19540853/0641a5e449680518fb4c7c2ea57201b0_featured_v2.jpg,"Allipuram, Vizag",Opens at 7pm,+918886621885
https://www.zomato.com/visakhapatnam/venkatadri-vantillu-asilmetta-vizag/info,Venkatadri Vantillu,4.1,₹300 for two,"South Indian, Shake, Juices",https://b.zmtcdn.com/data/pictures/chains/0/2800380/4cdc2f29d6b4d8fdc3f0cd6f76fae4c5_featured_v2.jpg,"Asilmetta, Vizag",,+919032836693
https://www.zomato.com/visakhapatnam/visakha-bhunia-fast-food-restaurant-maddilapalem-vizag/info,Visakha Bhunia Fast Food Restaurant,4.1,₹350 for two,"Biryani, Chinese, Fast Food",https://b.zmtcdn.com/data/pictures/chains/1/18745601/be2312bc13ee0066ff36149566c7b943_featured_v2.jpg,"Maddilapalem, Vizag",,+919701291159
https://www.zomato.com/visakhapatnam/dimple-restaurant-jagadamba-junction-vizag/info,Dimple Restaurant,4.4,"₹1,200 for two","North Indian, Mughlai, Finger Food, Continental, Chinese, Hyderabadi, Seafood, Desserts",https://b.zmtcdn.com/data/pictures/0/2800070/bcf20bab9bad630c759fd8c86f39c128_featured_v2.jpg,"Jagadamba Junction, Vizag",,+918912564825
https://www.zomato.com/visakhapatnam/ibaco-mvp-colony-vizag/info,Ibaco,4.1,₹250 for two,Desserts,https://b.zmtcdn.com/data/pictures/chains/9/2800909/63692f0ae9c7c9b5048ec46ceb0d93c0_featured_v2.jpg,"MVP Colony, Vizag",,+919848835590
https://www.zomato.com/visakhapatnam/rasapurna-seethammadhara-vizag/info,Rasapurna,-,₹200 for two,South Indian,https://b.zmtcdn.com/data/pictures/5/20671145/d7a8b6b23fc8a726abffc7dafb66e381_featured_v2.jpg,"Seethammadhara, Vizag",,+918912787979
https://www.zomato.com/visakhapatnam/beyond-bajji-1-jagadamba-junction-vizag/info,Beyond Bajji,3.9,₹400 for two,"Fast Food, Street Food, Desserts, Beverages, Shake",https://b.zmtcdn.com/data/pictures/3/20337243/90e11b8fc0684c3805a7a43c23aa4db8_featured_v2.jpg,"Jagadamba Junction, Vizag",,+919290441435
https://www.zomato.com/visakhapatnam/ramaiah-vegetarian-meals-allipuram-vizag/info,Ramaiah Vegetarian Meals,4.3,₹200 for two,"Andhra, South Indian",https://b.zmtcdn.com/data/pictures/4/2800324/f6d67a40e1c40e43664d6a598cc73d0d_featured_v2.jpg,"Allipuram, Vizag",,+919295066521
https://www.zomato.com/visakhapatnam/delhi-diner-hotel-rockdale-ram-nagar-vizag/info,Delhi Diner - Hotel Rockdale,3.3,"₹1,100 for two","North Indian, South Indian, Chinese, Italian, Salad, Fast Food, Desserts, Beverages",https://b.zmtcdn.com/data/pictures/4/2800864/705742da53466b6a205382c83d8146aa_featured_v2.jpg,"Ram Nagar, Vizag",,+919133721166
https://www.zomato.com/visakhapatnam/satyam-non-veg-restaurant-dwaraka-nagar-vizag/info,Satyam Non-Veg Restaurant,4.2,₹400 for two,"Biryani, North Indian, Chinese",https://b.zmtcdn.com/data/pictures/8/18788958/924670822810f2a1c62c19630e8393dc_featured_v2.jpg,"Dwaraka Nagar, Vizag",,+919063414135
https://www.zomato.com/visakhapatnam/kalyani-mess-mvp-colony-vizag/info,Kalyani Mess,4.2,₹400 for two,"Biryani, South Indian, Mughlai",https://b.zmtcdn.com/data/pictures/7/2800467/4e9aff7f559a36d4e866cad2c601855a_featured_v2.jpg,"MVP Colony, Vizag",Opens at 7pm,+919951105110
https://www.zomato.com/visakhapatnam/bombay-restaurant-ram-nagar-vizag/info,Bombay Restaurant,4.2,₹800 for two,"Andhra, North Indian, Chinese, Seafood, Kebab, Biryani",https://b.zmtcdn.com/data/pictures/0/18704580/beefefb4cd7c6c82abad08ca5882c727_featured_v2.jpg,"Ram Nagar, Vizag",Opens at 7pm,+918916661333
https://www.zomato.com/visakhapatnam/waltair-grills-lawsons-bay-vizag/info,Waltair Grills,-,₹500 for two,"North Indian, Biryani, Chinese",https://b.zmtcdn.com/data/pictures/9/20890649/ac6bd61250acab7d88a60310722507d3_featured_v2.jpg,"Lawsons Bay, Vizag",,+917893836999
https://www.zomato.com/visakhapatnam/vaisakhi-jagadamba-junction-vizag/info,Vaisakhi,3.2,₹700 for two,"North Indian, South Indian, Chinese, Desserts, Beverages",https://b.zmtcdn.com/data/pictures/8/2800068/70d6f2829c75f39d4510e11377f9cba1_featured_v2.jpg,"Jagadamba Junction, Vizag",Opens at 7pm,+918912564825
https://www.zomato.com/visakhapatnam/food-ex-siripuram-vizag/info,Food Ex,4.1,₹600 for two,"Pizza, Burger, Sandwich, Fast Food, Bakery",https://b.zmtcdn.com/data/pictures/chains/3/2800093/71eefc9ebae78c2432311032d999e0fd_featured_v2.jpg,"Siripuram, Vizag",,+919705562294
https://www.zomato.com/visakhapatnam/ming-garden-the-gateway-hotel-maharani-peta-vizag/info,Ming Garden - The Gateway Hotel,4.8,"₹2,800 for two","Asian, Chinese",https://b.zmtcdn.com/data/pictures/4/2800054/faf558394257e7bd69fb921d8d9dbe84_featured_v2.jpg,"Maharani Peta, Vizag",,+918916623670
https://www.zomato.com/visakhapatnam/royal-ruchulu-akkayyapalem-vizag/info,Royal Ruchulu,-,"₹1,100 for two","South Indian, Chinese, Biryani, Seafood, Sichuan",https://b.zmtcdn.com/data/pictures/8/21553928/6466cbaaecadff505e5e375f8cf6f25f_o2_featured_v2.jpg,"Seethammadhara, Vizag",,+919989091980
https://www.zomato.com/visakhapatnam/the-cake-nation-akkayyapalem-vizag/info,The Cake Nation,-,₹200 for two,Bakery,https://b.zmtcdn.com/data/pictures/8/20671738/328bd9a65a1ebde88d5f70c8e1aaf90a_featured_v2.jpg,"Akkayyapalem, Vizag",,+919885397897
https://www.zomato.com/visakhapatnam/new-dhaba-city-punjab-balayya-sastri-layout-vizag/info,New Dhaba City Punjab,4.2,₹500 for two,"North Indian, Mughlai, Chinese, Biryani",https://b.zmtcdn.com/data/pictures/4/2800714/db56e1d16010880fc6d666aa6c394ed5_featured_v2.jpg,"Balayya Sastri Layout, Vizag",,+916300052655
https://www.zomato.com/visakhapatnam/brew-n-cue-1-siripuram-vizag/info,Brew N Cue,-,₹700 for two,"Coffee, South Indian, Pizza, Fast Food, Chinese, Salad, Desserts, Beverages",https://b.zmtcdn.com/data/pictures/1/21507901/5da9b6b9b8f477455467bac67ecac4ff_featured_v2.jpg,"Siripuram, Vizag",,+919666906002
https://www.zomato.com/visakhapatnam/kanhaji-family-restaurant-allipuram-vizag/info,Kanhaji Family Restaurant,4.3,₹800 for two,"North Indian, Chinese, Beverages",https://b.zmtcdn.com/data/pictures/0/18387700/ac1c82d13c8e2c1e228453a5f809a16f_featured_v2.jpg,"Allipuram, Vizag",,+918912709003
https://www.zomato.com/visakhapatnam/hotel-maa-chutneys-dondaparithy-vizag/info,Hotel Maa Chutneys,4.0,₹250 for two,"South Indian, North Indian, Beverages",https://b.zmtcdn.com/data/pictures/3/2800303/2655a9e2301e80a0c5cf4bed6d9de06e_featured_v2.jpg,"Dondaparithy, Vizag",,+919553226222
https://www.zomato.com/visakhapatnam/kitchen-addiction-3-waltair-uplands-vizag/info,Kitchen Addiction,-,"₹1,000 for two",Andhra,https://b.zmtcdn.com/data/pictures/1/20948511/a762e071e1d18eab40d7d931790760dd_featured_v2.jpg,"Waltair Uplands, Vizag",Opens in 27 minutes,+917702720401
https://www.zomato.com/visakhapatnam/the-belgian-waffle-co-siripuram-vizag/info,The Belgian Waffle Co.,4.1,₹300 for two,"Waffle, Ice Cream, Desserts, Pancake, Beverages",https://b.zmtcdn.com/data/pictures/chains/9/18779699/7f2d91a589b07cbf7282e68a5ec33023_featured_v2.jpg,"Siripuram, Vizag",,+919081081081
https://www.zomato.com/visakhapatnam/baybee-chikizza-dwaraka-nagar-vizag/info,Baybee Chikizza,4.1,₹350 for two,"Pizza, Sandwich, Burger, Fast Food, Desserts, Shake, Beverages",https://b.zmtcdn.com/data/pictures/3/19699263/760a55594004d95d614701bbc3f6fe4e_featured_v2.jpg,"Dwaraka Nagar, Vizag",,+917799655564
https://www.zomato.com/visakhapatnam/maai-restaurant-the-beacon-hotel-1-akkayyapalem-vizag/info,Maai Restaurant - The Beacon Hotel,-,"₹1,000 for two","South Indian, Andhra, North Indian, Chinese, Continental, Biryani, Fast Food, Beverages",https://b.zmtcdn.com/data/pictures/4/20619864/54195cdf0e9a2f65a007e3f4cc8861da_featured_v2.jpg,"Akkayyapalem, Vizag",Opens at 7:30pm,+919281088652
https://www.zomato.com/visakhapatnam/svs-paradise-kancharapalem-vizag/info,SVS Paradise,3.9,₹700 for two,"Chinese, Biryani, North Indian, Seafood, Beverages",https://b.zmtcdn.com/data/pictures/1/18796101/2371b5c2636af5a5f282d57f2d445343_featured_v2.jpg,"Kancharapalem, Vizag",,+917799080139
https://www.zomato.com/visakhapatnam/invitation-365-1-siripuram-vizag/info,Invitation 365,3.6,"₹1,200 for two","North Indian, Mughlai, Seafood, Chinese, Biryani, Fast Food, Desserts, Beverages",https://b.zmtcdn.com/data/pictures/5/19249785/e30580250152c401e41b48d821afcec9_featured_v2.jpg,"Siripuram, Vizag",Opens in 27 minutes,+916309691999
https://www.zomato.com/visakhapatnam/naidu-gari-kunda-biryani-allipuram-vizag/info,Naidu Gari Kunda Biryani,-,₹850 for two,"Biryani, Chinese, North Indian, Seafood, Andhra",https://b.zmtcdn.com/data/pictures/3/20744113/a1e6816533726de66d11ec58694763ad_featured_v2.jpg,"Allipuram, Vizag",Opens at 6:45pm,+919912177877
https://www.zomato.com/visakhapatnam/the-vizags-chemistry-asilmetta-vizag/info,The Vizag's Chemistry,3.5,₹800 for two,"Cafe, Coffee, Italian, Seafood, Oriental, Fast Food, Desserts",https://b.zmtcdn.com/data/pictures/2/19800382/85fc6f39404c1c596669d72fa0981fec_featured_v2.jpg,"Asilmetta, Vizag",,+918121906323
https://www.zomato.com/visakhapatnam/district-12-siripuram-vizag/info,District 12,4.2,"₹1,000 for two","Continental, Mediterranean, Chinese, Shake",https://b.zmtcdn.com/data/pictures/6/2801276/ab6d3a27d26e4742966267c6c36b6e96_featured_v2.jpg,"Siripuram, Vizag",,+917386121288
https://www.zomato.com/visakhapatnam/sr-paradise-family-restaurant-ram-nagar-vizag/info,SR Paradise Family Restaurant,-,₹550 for two,"North Indian, Mughlai, Chinese, Seafood, Kebab, Biryani",https://b.zmtcdn.com/data/pictures/5/21042805/9a0617e76a790f1331a96401f5eeb6a3_o2_featured_v2.jpg,"Ram Nagar, Vizag",,+917416125644
https://www.zomato.com/visakhapatnam/tandoori-inn-dwaraka-nagar-vizag/info,Tandoori Inn,3.9,₹550 for two,"North Indian, Chinese, Biryani",https://b.zmtcdn.com/data/pictures/8/2800098/e5c42166c21c13321e57936c773ce0a4_featured_v2.jpg,"Dwaraka Nagar, Vizag",Opens at 7pm,+919346212111
https://www.zomato.com/visakhapatnam/new-satyam-ritz-comfort-dwaraka-nagar-vizag/info,New Satyam Ritz Comfort,3.9,₹800 for two,Biryani,https://b.zmtcdn.com/data/pictures/7/19030457/84199f66cfbeaf58e79016e832e127e9_featured_v2.jpg,"Dwaraka Nagar, Vizag",,+919618944544
https://www.zomato.com/visakhapatnam/delicacies-restaurant-mvp-colony-vizag/info,Delicacies Restaurant,3.8,"₹1,000 for two","Andhra, North Indian, Mughlai, Chinese, Seafood, Biryani, Desserts",https://b.zmtcdn.com/data/pictures/7/2800077/2c94f3fc5144bbf72f29f55ede555607_featured_v2.jpg,"MVP Colony, Vizag",,+918912538361
https://www.zomato.com/visakhapatnam/gad-the-gateway-hotel-maharani-peta/info,GAD - The Gateway Hotel,4.4,"₹2,000 for two","North Indian, Chinese, Continental, South Indian, Street Food, Fast Food, Biryani, Desserts",https://b.zmtcdn.com/data/pictures/5/2800055/45be12d45049923973794bd7f966b772_featured_v2.jpg,"Maharani Peta, Vizag",,+918916623670
https://www.zomato.com/visakhapatnam/majlis-darbar-dwaraka-nagar-vizag/info,Majlis Darbar,3.9,₹350 for two,"Biryani, Mandi",https://b.zmtcdn.com/data/pictures/1/19256691/0f6aa97f8aec5890f59561d6d7a79dcb_featured_v2.jpg,"Dwaraka Nagar, Vizag",Opens at 7pm,+918897085956
https://www.zomato.com/visakhapatnam/bean-board-balayya-sastri-layout-vizag/info,Bean Board,-,₹650 for two,"Cafe, Coffee, Sandwich, Fast Food, Bakery, Desserts, Tea, Beverages",https://b.zmtcdn.com/data/pictures/3/19915813/af6c1e063ae2be704c33eddbd7800dd8_featured_v2.jpg,"Balayya Sastri Layout, Vizag",,+917382638620
https://www.zomato.com/visakhapatnam/falak-restaurant-asilmetta-vizag/info,Falak Restaurant,-,₹600 for two,"North Indian, Mughlai, Biryani, Chinese",https://b.zmtcdn.com/data/pictures/7/21126577/7ca2bc00b5615488155c824973a8bc26_o2_featured_v2.jpg,"Asilmetta, Vizag",,+919573337307
https://www.zomato.com/visakhapatnam/mayabazar-restaurant-allipuram-vizag/info,Mayabazar Restaurant,2.8,"₹1,000 for two","South Indian, Biryani, Chinese, Juices",https://b.zmtcdn.com/data/pictures/2/20765562/9fac40b0553a276d9c710a13c8b727cc_featured_v2.jpg,"Allipuram, Vizag",,+919063856292
https://www.zomato.com/visakhapatnam/cocina-food-plaza-allipuram-vizag/info,Cocina Food Plaza,-,₹150 for two,"Fast Food, Street Food",https://b.zmtcdn.com/data/pictures/3/20061833/87b5586f637cec4b86cfe87f24d8a8be_featured_v2.jpg,"Allipuram, Vizag",,+919584141001
https://www.zomato.com/visakhapatnam/ronnies-dry-fruits-juices-venkojipalem-vizag/info,Ronnie's Dry Fruits & Juices,-,₹200 for two,"Juices, Beverages",https://b.zmtcdn.com/data/pictures/2/21261212/7f4dee24cb7b2fe560daa43260599a92_o2_featured_v2.jpg,"Venkojipalem, Vizag",,+917396165376
https://www.zomato.com/visakhapatnam/gorkhali-momos-tibetian-chinese-food-1-allipuram-vizag/info,Gorkhali Momos- Tibetian & Chinese Food,-,₹300 for two,"Tibetan, Chinese, Momos",https://b.zmtcdn.com/data/pictures/0/21110360/916db8bf66add47c2fba3007f54a37ea_o2_featured_v2.jpg,"Allipuram, Vizag",,+916291310951
https://www.zomato.com/visakhapatnam/express-owl-maharani-peta-vizag/info,Express Owl,3.6,₹600 for two,"Coffee, Continental, Pizza, Fast Food, Shake, Beverages",https://b.zmtcdn.com/data/pictures/1/19430651/198c374e41eb6c4d38bd3d4d08405446_featured_v2.jpg,"Maharani Peta, Vizag",,+919985620063
https://www.zomato.com/visakhapatnam/surya-fast-food-mvp-colony-vizag/info,Surya Fast Food,2.6,₹300 for two,"Chinese, Rolls",https://b.zmtcdn.com/data/pictures/6/19552326/0ffb15e297d5b9e22dfb2ff66d5c3fba_featured_v2.jpg,"MVP Colony, Vizag",,+918886979111
https://www.zomato.com/visakhapatnam/subway-mvp-colony-vizag/info,Subway,4.2,₹600 for two,"Healthy Food, Sandwich, Fast Food, Wraps, Salad, Beverages",https://b.zmtcdn.com/data/pictures/chains/6/2800016/52ef8e37e275c047f58fb7484e16a6f2_featured_v2.jpg,"MVP Colony, Vizag",,+918179100576
https://www.zomato.com/visakhapatnam/la-pinoz-pizza-lawsons-bay-vizag/info,La Pino'z Pizza,-,₹300 for two,"Pizza, Fast Food",https://b.zmtcdn.com/data/pictures/chains/4/21227024/8eb44d36a4ddfdcd323b4431be55b61b_featured_v2.jpg,"Lawsons Bay, Vizag",,+919963610492
https://www.zomato.com/visakhapatnam/lazzat-restaurant-dondaparithy-vizag/info,Lazzat Restaurant,3.9,₹350 for two,"Chinese, Biryani, Rolls",https://b.zmtcdn.com/data/pictures/3/19504783/eef7f857697b4685fffbf28a4323dec3_featured_v2.jpg,"Dondaparithy, Vizag",,+919014466145
https://www.zomato.com/visakhapatnam/hotel-maa-nethi-vindu-ram-nagar-vizag/info,Hotel Maa Nethi Vindu,4.0,₹200 for two,"South Indian, North Indian",https://b.zmtcdn.com/data/pictures/9/2801649/f2f4de329b4ac94763262e415aa7043c_featured_v2.jpg,"Ram Nagar, Vizag",,+919959881111
https://www.zomato.com/visakhapatnam/bean-board-chinna-waltair-chinna-waltair-vizag/info,Bean Board - Chinna Waltair,3.9,₹500 for two,"Cafe, Coffee, Waffle, Fast Food, Tea, Beverages",https://b.zmtcdn.com/data/pictures/0/19037920/5f055a8bb0793b49ce8699329d93c1cd_featured_v2.jpg,"Chinna Waltair, Vizag",Closes in 1 hour 57 minutes,+918374324256
https://www.zomato.com/visakhapatnam/caffenio-lawsons-bay-vizag/info,Caffenio,New,₹350 for two,"Cafe, Italian, Pizza, Burger, Sandwich, Beverages, Desserts",https://b.zmtcdn.com/data/pictures/0/21831980/85560c5200f4a67c86c4aed158ae5fdc_o2_featured_v2.jpg,"Lawsons Bay, Vizag",,+919121434309
https://www.zomato.com/visakhapatnam/quality-inn-bez-krishnaa-dwaraka-nagar-vizag/info,Quality Inn Bez Krishnaa,3.6,₹800 for two,"North Indian, South Indian, Biryani, Chinese, Kebab, Mughlai, Seafood",https://b.zmtcdn.com/data/pictures/7/2800847/ff6123e9a7955bac95fce8ecff9d2d5e_featured_v2.jpg,"Dwaraka Nagar, Vizag",Opens at 7pm,+917095571177
https://www.zomato.com/visakhapatnam/creme-shakes-1-mvp-colony-vizag/info,Creme Shakes,3.4,₹300 for two,"Beverages, Shake",https://b.zmtcdn.com/data/pictures/9/2801639/16e3e6cd34991ff8ad7a180e507af30a_featured_v2.jpg,"MVP Colony, Vizag",,+919573162505
https://www.zomato.com/visakhapatnam/southern-foods-maddilapalem-vizag/info,Southern Foods,3.8,₹600 for two,"South Indian, North Indian, Biryani, Chinese, Mughlai, Sichuan, Kebab, Desserts",https://b.zmtcdn.com/data/pictures/0/19610240/06eba1b91f8bd8493cc8290421936c4e_featured_v2.jpg,"Maddilapalem, Vizag",Opens in 27 minutes,+917032820008
https://www.zomato.com/visakhapatnam/bombay-restaurant-jyothee-theatre-allipuram-vizag/info,Bombay Restaurant-Jyothee Theatre,4.3,₹500 for two,"Chinese, Seafood, North Indian, Kebab, Mughlai, Biryani",https://b.zmtcdn.com/data/pictures/4/2800144/e2d5b6019a44fabd100415948efcb2c9_featured_v2.jpg,"Allipuram, Vizag",Opens at 7pm,+918912562222
https://www.zomato.com/visakhapatnam/radisa-waltair-uplands-vizag/info,Radisa,4.0,₹300 for two,"Bakery, Desserts, Beverages",https://b.zmtcdn.com/data/pictures/7/2800397/6b12efa55394e905408a27cf4db89d22_featured_v2.jpg,"Waltair Uplands, Vizag",Closes in 1 hour 57 minutes,+918916567899
https://www.zomato.com/visakhapatnam/bakers-hub-asilmetta-vizag/info,Bakers Hub,4.3,₹300 for two,"Bakery, Sandwich, Fast Food, Shake",https://b.zmtcdn.com/data/pictures/6/2801316/8898e2ea37981eadd3fe7384cab6443f_featured_v2.jpg,"Asilmetta, Vizag",,+917801018000
https://www.zomato.com/visakhapatnam/uk-parlour-dwaraka-nagar-vizag/info,UK Parlour,4.2,₹200 for two,"South Indian, Chinese",https://b.zmtcdn.com/data/pictures/6/2800586/a75822adf2d88ec07855e1c58111bb62_featured_v2.jpg,"Dwaraka Nagar, Vizag",,+919849666308
https://www.zomato.com/visakhapatnam/creme-berry-mvp-colony-vizag/info,Creme Berry,3.8,₹400 for two,"Ice Cream, Desserts, Shake",https://b.zmtcdn.com/data/pictures/6/2801636/c2f6cb9e456c812015504effe04295ba_featured_v2.jpg,"MVP Colony, Vizag",,+919573162505
https://www.zomato.com/visakhapatnam/creme-shakes-balayya-sastri-layout-vizag/info,Creme Shakes,3.7,₹300 for two,"Desserts, Waffle, Ice Cream, Shake, Beverages",https://b.zmtcdn.com/data/pictures/1/18791371/82d45f6e71486b60fb6c192f4c66a84d_featured_v2.jpg,"Balayya Sastri Layout, Vizag",,+916305133731
https://www.zomato.com/visakhapatnam/mulbagal-dosa-corner-mvp-colony-vizag/info,Mulbagal Dosa Corner,-,₹300 for two,South Indian,https://b.zmtcdn.com/data/pictures/8/21133078/4aa137e1f0ff2e0d855ca75db5480caf_featured_v2.jpg,"MVP Colony, Vizag",Opens in 12 minutes,+919347430062
https://www.zomato.com/visakhapatnam/gatox-natural-ice-cream-ram-nagar-vizag/info,Gatox Natural Ice Cream,3.8,₹300 for two,"Ice Cream, Desserts, Shake",https://b.zmtcdn.com/data/pictures/9/18704579/5ffe2a383d53a64c50c45b95b751ac8f_featured_v2.jpg,"Ram Nagar, Vizag",,+919100779929
https://www.zomato.com/visakhapatnam/real-deepak-punjabi-dhaba-ram-nagar-vizag/info,Real Deepak Punjabi Dhaba,3.8,₹700 for two,"North Indian, Biryani, Chinese, Sichuan, Mughlai",https://b.zmtcdn.com/data/pictures/8/2800398/07f80d8ddc6201229efc8c710d8415dc_featured_v2.jpg,"Ram Nagar, Vizag",,+919393109246
https://www.zomato.com/visakhapatnam/the-asian-mvp-colony-vizag/info,The Asian,3.7,₹650 for two,"Chinese, Asian, Seafood, Sichuan",https://b.zmtcdn.com/data/pictures/chains/3/19324903/4dc65d407f23bb07e55ffc14bceb62cf_featured_v2.jpg,"MVP Colony, Vizag",,+919963315588
https://www.zomato.com/visakhapatnam/bakers-den-ram-nagar-vizag/info,Baker's Den,3.5,₹350 for two,"Bakery, Chinese",https://b.zmtcdn.com/data/pictures/6/2800396/d6c0f18b53f107a5e17b9d66cd6267bb_featured_v2.jpg,"Ram Nagar, Vizag",,+918916662444
https://www.zomato.com/visakhapatnam/mexicos-chicken-poppers-mvp-colony-vizag/info,Mexico's Chicken Poppers,3.9,₹300 for two,"Mexican, Fast Food",https://b.zmtcdn.com/data/pictures/2/19178112/51da97534ba1b20c8a12d0150416e9ae_featured_v2.jpg,"MVP Colony, Vizag",,+919866655972
https://www.zomato.com/visakhapatnam/fresh-choice-bakery-asilmetta-vizag/info,Fresh Choice Bakery,4.2,₹350 for two,"Bakery, Desserts, Fast Food",https://b.zmtcdn.com/data/pictures/8/2800388/9b28c4eea20cf2925c94ef21272ca390_featured_v2.jpg,"Asilmetta, Vizag",,+918916673333
https://www.zomato.com/visakhapatnam/maa-pakashala-dwaraka-nagar-vizag/info,Maa Pakashala,-,"₹1,000 for two","South Indian, Biryani",https://b.zmtcdn.com/data/pictures/9/20907299/cc1a6a0bee652afa73ec84e9645db13a_featured_v2.jpg,"Dwaraka Nagar, Vizag",Opens in 27 minutes,+919704803630
https://www.zomato.com/visakhapatnam/athidhi-devo-bhava-lawsons-bay-vizag/info,Athidhi Devo Bhava,3.3,₹500 for two,"Andhra, Biryani",https://b.zmtcdn.com/data/pictures/5/19145195/dd6e1d7a8da87faf20491d44116dd054_featured_v2.jpg,"Lawsons Bay, Vizag",,+918106896789
https://www.zomato.com/visakhapatnam/sarvani-sweets-asilmetta-vizag/info,Sarvani Sweets,3.9,₹400 for two,"Mithai, North Indian, Chinese, Street Food, Beverages",https://b.zmtcdn.com/data/pictures/9/2800669/d01f2ecc2a4d85b97cc313a6069c78dc_featured_v2.jpg,"Asilmetta, Vizag",,+919959245459
https://www.zomato.com/visakhapatnam/best-brews-four-points-by-sheraton-waltair-uplands-vizag/info,Best Brews - Four Points By Sheraton,-,"₹2,500 for two","Bar Food, North Indian",https://b.zmtcdn.com/data/pictures/3/20704973/308453de408810bc0fb8956cd38c4590_featured_v2.jpg,"Waltair Uplands, Vizag",,+918913051111
https://www.zomato.com/visakhapatnam/creme-castle-1-balayya-sastri-layout-vizag/info,Creme Castle,3.3,₹300 for two,"Ice Cream, Desserts",https://b.zmtcdn.com/data/pictures/chains/1/2801151/b76dedfe6a47f3d1aeac6217821a4217_featured_v2.jpg,"Balayya Sastri Layout, Vizag",,+916305133731
https://www.zomato.com/visakhapatnam/heritage-asilmetta-vizag/info,Heritage,3.4,₹700 for two,"South Indian, Chinese, North Indian, Desserts, Beverages",https://b.zmtcdn.com/data/pictures/5/2800065/c7556e62919ca8f110dc32a87f710f1c_featured_v2.jpg,"Asilmetta, Vizag",Opens in 27 minutes,+918912540202
https://www.zomato.com/visakhapatnam/dominos-pizza-seethammadhara-vizag/info,Domino's Pizza,3.7,₹450 for two,"Pizza, Fast Food, Desserts",https://b.zmtcdn.com/data/pictures/9/20442179/284acacc25e1b3a45b377d1abc7d3e94_featured_v2.jpg,"Seethammadhara, Vizag",,+918121430940
https://www.zomato.com/visakhapatnam/vibe-vacation-hotels-restaurant-dondaparithy-vizag/info,Vibe Vacation Hotels & Restaurant,-,₹650 for two,"South Indian, North Indian, Chinese",https://b.zmtcdn.com/data/pictures/6/21293626/eb27dd77c07980de3a25e4ae333e68f8_featured_v2.jpg,"Dondaparithy, Vizag",Opens at 7pm,+918885500263
https://www.zomato.com/visakhapatnam/gravitys-kitchen-dondaparithy-vizag/info,Gravitys Kitchen,New,₹500 for two,"North Indian, Biryani, Mughlai, Chinese, Fast Food, Street Food",https://b.zmtcdn.com/data/pictures/2/21746872/51f221d34e5cf04cf808fbfa24be9c23_featured_v2.jpg,"Dondaparithy, Vizag",,+919484557788
https://www.zomato.com/visakhapatnam/jack-frost-siripuram-vizag/info,Jack Frost,4.5,₹450 for two,"Ice Cream, Desserts, Shake",https://b.zmtcdn.com/data/pictures/1/2800391/8376bfc66cf6df4d6e3da689b45e8648_featured_v2.jpg,"Siripuram, Vizag",,+919705562294
https://www.zomato.com/visakhapatnam/hotel-ambicas-grand-maddilapalem-vizag/info,Hotel Ambicas Grand,3.7,₹800 for two,"North Indian, Biryani",https://b.zmtcdn.com/data/pictures/9/19576679/18ee4e9b4a8e35fba1414d09ee2d78f5_featured_v2.jpg,"Maddilapalem, Vizag",Opens in 27 minutes,+916309717779
https://www.zomato.com/visakhapatnam/srikanya-comfort-siripuram-vizag/info,Srikanya Comfort,4.3,₹800 for two,"Andhra, Biryani, Chinese, Seafood, Mughlai, North Indian, Desserts, Beverages",https://b.zmtcdn.com/data/pictures/chains/7/18856657/3cab3c8e2fcf6ea0585b891c09dd8899_featured_v2.jpg,"Siripuram, Vizag",Opens at 7pm,+918912533333
https://www.zomato.com/visakhapatnam/drunken-monkey-1-asilmetta-vizag/info,Drunken Monkey,3.5,₹500 for two,"Beverages, Juices, Shake, Coffee, Healthy Food, Sandwich, Mexican, Wraps",https://b.zmtcdn.com/data/pictures/chains/9/2801199/fe9beffb2a2c79ed96ea221a9d7ca81e_featured_v2.jpg,"Asilmetta, Vizag",,+917995555888
https://www.zomato.com/visakhapatnam/keys-cafe-keys-select-hotel-allipuram-vizag/info,Keys Cafe - Keys Select Hotel,4.1,"₹1,300 for two","South Indian, North Indian, Mughlai, Chinese, Continental, Biryani, Fast Food, Beverages",https://b.zmtcdn.com/data/pictures/7/2800987/fce25dcfba1027d05ac65f694687ef47_featured_v2.jpg,"Allipuram, Vizag","Temporarily closed for delivery, will be back soon!",+918913944100
https://www.zomato.com/visakhapatnam/feast-n-fit-mvp-colony-vizag/info,Feast N Fit,-,₹500 for two,"Healthy Food, Sandwich, Wraps, Pasta, Salad",https://b.zmtcdn.com/data/pictures/1/20750931/b779c493c9065ca180a17ef50c1c1116_featured_v2.jpg,"MVP Colony, Vizag",,+917674920706
https://www.zomato.com/visakhapatnam/zoom-bar-restaurant-maharani-peta-vizag/info,Zoom Bar & Restaurant,3.8,₹500 for two,"Biryani, North Indian, Chinese",https://b.zmtcdn.com/data/pictures/6/2800036/bb8d8c24268e6dac49752c97744d8820_featured_v2.jpg,"Maharani Peta, Vizag",,+918916667778
https://www.zomato.com/visakhapatnam/manasa-restaurant-allipuram-vizag/info,Manasa Restaurant,4.0,₹300 for two,"Andhra, North Indian, Chinese, Biryani",https://b.zmtcdn.com/data/pictures/5/2801445/d00212d166cb6e18ce25c537fefe0142_featured_v2.jpg,"Allipuram, Vizag","Temporarily closed for delivery, will be back soon!",+917799102404
https://www.zomato.com/visakhapatnam/diamond-pearl-saffron-dwaraka-nagar-vizag/info,Diamond Pearl- Saffron,3.8,₹800 for two,"North Indian, Chinese, Continental, Andhra, Kebab, Fast Food, Sichuan, Desserts",https://b.zmtcdn.com/data/pictures/chains/3/2800873/e056994a213a4025ef1171746e598c1b_featured_v2.jpg,"Dwaraka Nagar, Vizag",Opens in 27 minutes,+918912523523
https://www.zomato.com/visakhapatnam/nimantran-inn-allipuram-vizag/info,Nimantran Inn,3.1,₹300 for two,"Bengali, North Indian",https://b.zmtcdn.com/data/pictures/3/19127423/7d7fc21ffe0e72e678530feb344aaf35_featured_v2.jpg,"Allipuram, Vizag",,+918688500784
https://www.zomato.com/visakhapatnam/pastry-coffee-n-conversation-siripuram-vizag/info,Pastry Coffee N Conversation,3.3,₹750 for two,"Cafe, Italian, Mexican, Continental, Sandwich, Pasta, Pizza, Beverages",https://b.zmtcdn.com/data/pictures/chains/8/2800078/8a2519ce286637c19932aedba3164ecc_featured_v2.jpg,"Siripuram, Vizag",,+917093513492
https://www.zomato.com/visakhapatnam/the-coffee-house-by-hemas-maharani-peta-vizag/info,The Coffee House By Hema's,-,"₹1,000 for two",Coffee,https://b.zmtcdn.com/data/pictures/1/21534921/6a235de9b49283bf2dab7248cbde9ef8_o2_featured_v2.jpg,"Maharani Peta, Vizag",,+919640813333
https://www.zomato.com/visakhapatnam/btreats-balayya-sastri-layout-vizag/info,B'treats,4.1,₹600 for two,"North Indian, Bakery, Biryani, Chinese, Desserts, Beverages",https://b.zmtcdn.com/data/pictures/9/2800989/2ee6ae0adc4ff815a68c4773c7938820_featured_v2.jpg,"Balayya Sastri Layout, Vizag",,+918912728123
https://www.zomato.com/visakhapatnam/7th-heaven-dwaraka-nagar-vizag/info,7th Heaven,3.9,₹300 for two,"Bakery, Sandwich, Fast Food, Waffle, Ice Cream, Desserts, Beverages",https://b.zmtcdn.com/data/pictures/chains/0/18901910/388c007dc33fe451bfcd2d599b238289_featured_v2.jpg,"Dwaraka Nagar, Vizag",,+917632874143
https://www.zomato.com/visakhapatnam/tisonas-cake-dwaraka-nagar-vizag/info,Tisona's Cake,3.7,₹200 for two,"Bakery, Desserts",https://b.zmtcdn.com/data/pictures/5/2800615/44bab2f4491c2277cc5778866304e261_featured_v2.jpg,"Dwaraka Nagar, Vizag","Temporarily closed for delivery, will be back soon!",+918912746807
https://www.zomato.com/visakhapatnam/the-cafooze-siripuram-vizag/info,The Cafooze,3.3,₹800 for two,"Cafe, Coffee, Chinese, Pizza, Sandwich, Fast Food, Beverages, Tea",https://b.zmtcdn.com/data/pictures/9/19940979/739ab30484163177a03639b87b8122f5_featured_v2.jpg,"Siripuram, Vizag",,+917799888969
https://www.zomato.com/visakhapatnam/vijayawadas-raju-gari-ruchulu-dwaraka-nagar-vizag/info,Vijayawada's Raju Gari Ruchulu,-,"₹1,100 for two","Chinese, South Indian, Mughlai, Biryani, North Indian, Seafood",https://b.zmtcdn.com/data/pictures/2/20724192/be4e964450e967ffa75ff7a88cce8184_featured_v2.jpg,"Dwaraka Nagar, Vizag",Opens in 27 minutes,+918121036023
https://www.zomato.com/visakhapatnam/open-house-hotel-royal-fort-ram-nagar-vizag/info,Open House - Hotel Royal Fort,3.9,₹800 for two,"North Indian, Biryani, Chinese, Continental",https://b.zmtcdn.com/data/pictures/2/2800162/4fe7e4e0ea96bb4e3db9be3b56f00a6c_featured_v2.jpg,"Ram Nagar, Vizag",Opens in 27 minutes,+918916622888
https://www.zomato.com/visakhapatnam/cafe-coffee-day-mvp-colony-vizag/info,Cafe Coffee Day,3.9,₹750 for two,"Cafe, Bakery, Tea, Shake, Beverages, Sandwich, Desserts",https://b.zmtcdn.com/data/pictures/chains/7/2800007/d2aee145b6b9ec8cbf905d11f92ab314_featured_v2.jpg,"MVP Colony, Vizag",,+919949987746
https://www.zomato.com/visakhapatnam/kfc-2-maddilapalem-vizag/info,KFC,4.0,₹450 for two,"Burger, Fast Food, Rolls",https://b.zmtcdn.com/data/pictures/chains/4/2800014/72e334f98bd9fa469c6768e63b656456_featured_v2.jpg,"Maddilapalem, Vizag",,+918125963822
https://www.zomato.com/visakhapatnam/zeeshan-restaurant-apna-hyderabadi-food-maddilapalem-vizag/info,Zeeshan Restaurant - Apna Hyderabadi Food,-,"₹1,600 for two","North Indian, Biryani",https://b.zmtcdn.com/data/pictures/2/21014122/f4a94cfb4477ddd74bb8ceb0cd1dfb7e_featured_v2.jpg,"Maddilapalem, Vizag",Opens at 7pm,+916372940136
https://www.zomato.com/visakhapatnam/hemas-hotel-supreme-maharani-peta-vizag/info,Hema's Hotel Supreme,-,₹200 for two,"South Indian, Chinese",https://b.zmtcdn.com/data/pictures/3/21067123/a11806310e82b6e0a2eaa4720d3719c7_o2_featured_v2.jpg,"Maharani Peta, Vizag",Opens at 7:30pm,+919912953333
https://www.zomato.com/visakhapatnam/nellore-vari-meals-and-tiffins-hotel-chandras-allipuram-vizag/info,Nellore Vari Meals And Tiffins - Hotel Chandra's,4.1,₹350 for two,"Biryani, Seafood, Chinese, North Indian, South Indian",https://b.zmtcdn.com/data/pictures/4/2801564/086c970fb96c5c4ab730777434cd2b96_featured_v2.jpg,"Allipuram, Vizag",Opens at 7pm,+918912541074
https://www.zomato.com/visakhapatnam/maongs-chinese-restaurant-lawsons-bay-vizag/info,Maong's Chinese Restaurant,3.2,₹500 for two,"Chinese, Sichuan, Seafood",https://b.zmtcdn.com/data/pictures/1/19802651/869737cf4e73de559845e0de67b31af6_featured_v2.jpg,"Lawsons Bay, Vizag",Opens in 27 minutes,+919885263327
https://www.zomato.com/visakhapatnam/dhaba-city-punjab-siripuram-vizag/info,Dhaba City Punjab,3.3,₹600 for two,"North Indian, Chinese",https://b.zmtcdn.com/data/pictures/6/2801106/28006f8585bac3f7d743dd7619a5b509_featured_v2.jpg,"Siripuram, Vizag",Opens in 27 minutes,+918019815688
https://www.zomato.com/visakhapatnam/amrutham-mvp-colony-vizag/info,Amrutham,3.4,₹400 for two,"Andhra, South Indian",https://b.zmtcdn.com/data/pictures/9/19020769/ebcb14a18b636130cdfb76ae8fe93af7_featured_v2.jpg,"MVP Colony, Vizag",,+918686622722
https://www.zomato.com/visakhapatnam/eaters-stop-non-veg-nad-junction-vizag/info,Eaters Stop Non Veg,3.9,₹300 for two,South Indian,https://b.zmtcdn.com/data/pictures/9/18981259/9eeddec643843b7d8681ed31850c0e71_featured_v2.jpg,"Nad Junction, Vizag",,+916309766688
https://www.zomato.com/visakhapatnam/sri-sairam-tiffin-meals-maddilapalem-vizag/info,Sri Sairam Tiffin & Meals,3.9,₹300 for two,"South Indian, Andhra",https://b.zmtcdn.com/data/pictures/chains/6/2800666/efccb226c1b49a42f17a37283a19aae2_featured_v2.jpg,"Maddilapalem, Vizag",,+919492364897
https://www.zomato.com/visakhapatnam/the-burger-company-mvp-colony-vizag/info,The Burger Company,-,₹400 for two,"Burger, Fast Food, Desserts, Shake, Beverages",https://b.zmtcdn.com/data/pictures/0/20708290/e19f0d2602e4441b1a569768e2c7c6bf_featured_v2.jpg,"MVP Colony, Vizag",,+918826853842
https://www.zomato.com/visakhapatnam/ice-age-siripuram-vizag/info,Ice Age,4.2,₹300 for two,"Ice Cream, Desserts, Shake",https://b.zmtcdn.com/data/pictures/5/2800405/b97157b6933a52521c21093f6546974d_featured_v2.jpg,"Siripuram, Vizag",,+916309692999
https://www.zomato.com/visakhapatnam/happyoi-vishalaksmi-nagar-vizag/info,Happyoi,4.3,₹600 for two,Bakery,https://b.zmtcdn.com/data/pictures/9/2801429/61355f40fc71c0c7a8784e4e50290cc5_featured_v2.jpg,"Vishalaksmi Nagar, Vizag",,+919866869090
https://www.zomato.com/visakhapatnam/soul-delhi-siripuram-vizag/info,Soul Delhi,4.1,₹900 for two,"North Indian, Chinese, Desserts",https://b.zmtcdn.com/data/pictures/9/2800899/66780f6e5bfe400f7f07971f34680712_featured_v2.jpg,"Siripuram, Vizag",Opens at 7pm,+918914808448
https://www.zomato.com/visakhapatnam/vaishali-hotel-meghalaya-asilmetta-vizag/info,Vaishali - Hotel Meghalaya,3.9,"₹1,000 for two","South Indian, North Indian, Chinese, Desserts, Beverages, Shake",https://b.zmtcdn.com/data/pictures/chains/9/2800119/91c1aca18333a0f9f3a8761904369db9_featured_v2.jpg,"Asilmetta, Vizag",,+918912755141
https://www.zomato.com/visakhapatnam/maongs-chinese-dine-in-takeaway-east-point-colony-vizag/info,Maong's Chinese Dine-In & Takeaway,4.6,₹500 for two,"Chinese, Sichuan",https://b.zmtcdn.com/data/pictures/4/2801134/43da09b02edd61ee2eace05c6936aa18_featured_v2.jpg,"East Point Colony, Vizag",,+919885263327
https://www.zomato.com/visakhapatnam/prabhus-baba-curry-point-akkayyapalem-vizag/info,Prabhu's Baba Curry Point,3.2,₹200 for two,South Indian,https://b.zmtcdn.com/data/pictures/8/2800528/be0dfb6767e1a17ed76791f39f168fc4_featured_v2.jpg,"Akkayyapalem, Vizag","Temporarily closed for delivery, will be back soon!",+919866345299
https://www.zomato.com/visakhapatnam/avenue-222-siripuram-vizag/info,Avenue 222,-,₹300 for two,"South Indian, Chinese",https://b.zmtcdn.com/data/pictures/5/20916885/a84137ec95b5b6e1d15e73f79c9e0db2_featured_v2.jpg,"Siripuram, Vizag",,+918309232929
https://www.zomato.com/visakhapatnam/rajadhani-dwaraka-nagar-vizag/info,Rajadhani,4.0,₹500 for two,"North Indian, Chinese, Andhra, Biryani, Sichuan, Mughlai, Seafood",https://b.zmtcdn.com/data/pictures/2/2800122/6788ffb4ac5debb6331e5522eb51fea0_featured_v2.jpg,"Dwaraka Nagar, Vizag",Opens at 7pm,+918916663131
https://www.zomato.com/visakhapatnam/snow-dunes-dwaraka-nagar-vizag/info,Snow Dunes,4.1,₹400 for two,"Bakery, Ice Cream, Pizza, Sandwich, Burger, Fast Food, Chinese, Shake",https://b.zmtcdn.com/data/pictures/chains/9/2800589/b085e3e3a94508de5d5a92560591974f_featured_v2.jpg,"Dwaraka Nagar, Vizag",,+918916682888
https://www.zomato.com/visakhapatnam/arabian-knights-allipuram-vizag/info,Arabian Knights,4.0,₹500 for two,"Mandi, Biryani",https://b.zmtcdn.com/data/pictures/6/2801416/72a1a153e0f1345d411009fed4fced81_featured_v2.jpg,"Allipuram, Vizag",Opens at 7pm,+919856993993
https://www.zomato.com/visakhapatnam/aks-taste-well-fast-foods-dwaraka-nagar-vizag/info,AK's Taste Well Fast Foods,4.1,₹200 for two,Chinese,https://b.zmtcdn.com/data/pictures/9/2800579/1f6cd4da11400178eec94096c7b1de02_featured_v2.jpg,"Dwaraka Nagar, Vizag",,+919885272764
https://www.zomato.com/visakhapatnam/abids-restaurant-dondaparithy-vizag/info,Abids Restaurant,-,"₹1,200 for two","North Indian, Mughlai, Seafood, Kebab, Biryani, Chinese",https://b.zmtcdn.com/data/pictures/3/20645853/816cb7d0523a4ccea9a93a3ae884a950_featured_v2.jpg,"Dondaparithy, Vizag",,+917680064265
https://www.zomato.com/visakhapatnam/vistaraku-4am-biryani-seethammadhara-vizag/info,Vistaraku 4AM Biryani,-,₹400 for two,"Biryani, Andhra",https://b.zmtcdn.com/data/pictures/2/21237122/ff731a734706a537e42b6b6784b940a0_featured_v2.jpg,"Seethammadhara, Vizag",,+919010581645
https://www.zomato.com/visakhapatnam/the-thickshake-factory-mvp-colony-vizag/info,The ThickShake Factory,3.5,₹450 for two,"Beverages, Shake",https://b.zmtcdn.com/data/pictures/chains/8/18702228/d2ddd0508ba65934b1d68e1019be1fca_featured_v2.jpg,"MVP Colony, Vizag",,+916309677235
https://www.zomato.com/visakhapatnam/hotel-new-alkapuri-jagadamba-junction-vizag/info,Hotel New Alkapuri,3.2,₹450 for two,"North Indian, Chinese, South Indian, Biryani",https://b.zmtcdn.com/data/pictures/2/19493592/64d5c7acd9ada1f208f96df56ec8819e_featured_v2.jpg,"Jagadamba Junction, Vizag",Opens in 27 minutes,+919848155454
https://www.zomato.com/visakhapatnam/pot-biryani-maddilapalem-vizag/info,Pot Biryani,4.0,₹500 for two,"Biryani, Andhra, Seafood",https://b.zmtcdn.com/data/pictures/chains/0/2800480/bc6bb1b3dfc0b5d97b0251d36eeed0cb_featured_v2.jpg,"Maddilapalem, Vizag",,+918916444402
https://www.zomato.com/visakhapatnam/the-red-box-mvp-colony-vizag/info,The Red Box,3.8,₹450 for two,"Chinese, Momos, Oriental",https://b.zmtcdn.com/data/pictures/2/19084452/606f6595db2b8c51ef3de76dbe85993c_featured_v2.jpg,"MVP Colony, Vizag",,+919848881198
https://www.zomato.com/visakhapatnam/laddu-gopal-kirlampudi-layout-vizag/info,Laddu Gopal,-,₹300 for two,"Street Food, North Indian, Desserts",https://b.zmtcdn.com/data/pictures/chains/0/18757940/154f04ff5ea2432c1b4bd4f9d961b4fb_featured_v2.jpg,"Kirlampudi Layout, Vizag",,+919700541502
https://www.zomato.com/visakhapatnam/la-delizia-seethammadhara-vizag/info,La Delizia,4.8,₹200 for two,Desserts,https://b.zmtcdn.com/data/pictures/7/2801077/d213a5d053114dcfaaa4d00c44458f2e_featured_v2.jpg,"Seethammadhara, Vizag",,+918886558855
https://www.zomato.com/visakhapatnam/chefs-night-out-1-mvp-colony-vizag/info,Chef's Night Out,3.8,₹300 for two,"Biryani, Chinese",https://b.zmtcdn.com/data/pictures/1/19163201/d63f15964d971d775cb0690d0156375d_featured_v2.jpg,"MVP Colony, Vizag",Opens at 7:15pm,+919030840127
https://www.zomato.com/visakhapatnam/hashtag-kitchens-lawsons-bay-vizag/info,Hashtag Kitchens,3.3,₹700 for two,"Chinese, Seafood",https://b.zmtcdn.com/data/pictures/1/19337021/332458eeda08520bc1482a3af07fb3c5_featured_v2.jpg,"Lawsons Bay, Vizag",,+917569268682
https://www.zomato.com/visakhapatnam/brew-n-bistro-lawsons-bay-vizag/info,Brew 'n' Bistro,4.0,₹800 for two,"Cafe, Continental, Coffee, Italian, Desserts, Beverages",,"Lawsons Bay, Vizag",,+919440373839
https://www.zomato.com/visakhapatnam/abs-absolute-barbecues-dwaraka-nagar-vizag/info,AB's - Absolute Barbecues,4.4,"₹1,650 for two","North Indian, BBQ, Biryani",,"Dwaraka Nagar, Vizag",Opens in 4 minutes,+917337383764
https://www.zomato.com/visakhapatnam/the-square-hotel-novotel-maharani-peta-vizag/info,The Square - Hotel Novotel,4.0,"₹3,000 for two","Continental, North Indian",,"Maharani Peta, Vizag",,+917799884036
https://www.zomato.com/visakhapatnam/the-eatery-four-points-by-sheraton-waltair-uplands/info,The Eatery - Four Points By Sheraton,4.1,"₹2,500 for two","North Indian, Chinese, Mexican, Continental, Biryani, Fast Food, Desserts, Beverages",,"Waltair Uplands, Vizag",Opens at 7pm,+918106829333
https://www.zomato.com/visakhapatnam/the-shack-the-park-lawsons-bay-vizag/info,The Shack - The Park,4.0,"₹1,800 for two","Moroccan, Oriental, Desserts",,"Lawsons Bay, Vizag",,+918916825678
https://www.zomato.com/visakhapatnam/kai-welcomhotel-grand-bay-maharani-peta-vizag/info,KAI - WelcomHotel Grand Bay,4.5,"₹3,500 for two","Asian, Thai, Japanese, Seafood, Sushi, Chinese, Desserts, Beverages",,"Maharani Peta, Vizag",Opens at 7pm,+916309716262
https://www.zomato.com/visakhapatnam/myz-uno-brew-pub-siripuram-vizag/info,Myz-Uno Brew Pub,4.9,"₹2,300 for two","North Indian, South Indian, Andhra, Continental",,"Siripuram, Vizag",,+919991725555
https://www.zomato.com/visakhapatnam/vista-the-park-chinna-waltair-vizag/info,Vista - The Park,4.2,"₹2,000 for two","American, North Indian, Thai, Continental, Desserts",,"Chinna Waltair, Vizag",,+918916825678
https://www.zomato.com/visakhapatnam/makkhan-masala-pure-veg-dwaraka-nagar-vizag/info,Makkhan Masala Pure Veg,4.5,"₹1,000 for two","North Indian, South Indian, Biryani, Chinese, Tea",,"Dwaraka Nagar, Vizag",,+919000810055
https://www.zomato.com/visakhapatnam/abs-absolute-barbecues-dwaraka-nagar-vizag/info,AB's - Absolute Barbecues,4.4,"₹1,650 for two","North Indian, BBQ, Biryani",,"Dwaraka Nagar, Vizag",Opens in 3 minutes,+917337383764
https://www.zomato.com/visakhapatnam/brew-n-bistro-lawsons-bay-vizag/info,Brew 'n' Bistro,4.0,₹800 for two,"Cafe, Continental, Coffee, Italian, Desserts, Beverages",,"Lawsons Bay, Vizag",,+919440373839
https://www.zomato.com/visakhapatnam/the-square-hotel-novotel-maharani-peta-vizag/info,The Square - Hotel Novotel,4.0,"₹3,000 for two","Continental, North Indian",,"Maharani Peta, Vizag",,+917799884036
https://www.zomato.com/visakhapatnam/the-eatery-four-points-by-sheraton-waltair-uplands/info,The Eatery - Four Points By Sheraton,4.1,"₹2,500 for two","North Indian, Chinese, Mexican, Continental, Biryani, Fast Food, Desserts, Beverages",,"Waltair Uplands, Vizag",Opens at 7pm,+918106829333
https://www.zomato.com/visakhapatnam/the-shack-the-park-lawsons-bay-vizag/info,The Shack - The Park,4.0,"₹1,800 for two","Moroccan, Oriental, Desserts",,"Lawsons Bay, Vizag",,+918916825678
https://www.zomato.com/visakhapatnam/kai-welcomhotel-grand-bay-maharani-peta-vizag/info,KAI - WelcomHotel Grand Bay,4.5,"₹3,500 for two","Asian, Thai, Japanese, Seafood, Sushi, Chinese, Desserts, Beverages",,"Maharani Peta, Vizag",Opens at 7pm,+916309716262
https://www.zomato.com/visakhapatnam/myz-uno-brew-pub-siripuram-vizag/info,Myz-Uno Brew Pub,4.9,"₹2,300 for two","North Indian, South Indian, Andhra, Continental",,"Siripuram, Vizag",,+919991725555
https://www.zomato.com/visakhapatnam/vista-the-park-chinna-waltair-vizag/info,Vista - The Park,4.2,"₹2,000 for two","American, North Indian, Thai, Continental, Desserts",,"Chinna Waltair, Vizag",,+918916825678
https://www.zomato.com/visakhapatnam/makkhan-masala-pure-veg-dwaraka-nagar-vizag/info,Makkhan Masala Pure Veg,4.5,"₹1,000 for two","North Indian, South Indian, Biryani, Chinese, Tea",,"Dwaraka Nagar, Vizag",,+919000810055
